page,institution,sn,programme,code,admission_requirements,minimum_points,capacity,duration_years,problems
26,"Abdulrahman Al- Sumait University (SUMAIT), Zanzibar",1.,Bachelor of Arts with Education,SUM01,"Two principal passes in the following subjects: History, English, Geography, Kiswahili, Elimu ya Dini ya Kiislam or Arabic.",4.0,400,3,
26,"Abdulrahman Al- Sumait University (SUMAIT), Zanzibar",2.,Bachelor of Science with Education,SUM02,"Two principal passes in the following subjects: Physics, Advanced Mathematics, Chemistry,Biology, Computer Science or Geography.",4.0,250,3,
26,"Abdulrahman Al- Sumait University (SUMAIT), Zanzibar",3.,Bachelor of Arts in Counselling Psychology,SUM03,"Two principal passes in the following subjects: History, Geography, Kiswahili, English Language, Literature in English, French, Arabic, Fine Arts, Economics, Commerce, Accountancy, Physics, Chemistry, Biology, Advanced Mathematics, Agriculture, Computer Science or Nutrition.",4.0,70,3,
26,"Abdulrahman Al- Sumait University (SUMAIT), Zanzibar",4.,Bachelor of Science in Information Technology,SUM04,"Two principal passes in Physics, Advanced Mathematics, Geography, Biology, Chemistry, Economics or Accounting.",4.0,100,3,
27,"Aga Khan University (AKU), Dar es Salaam",1.,Bachelor of Science in Nursing,AKU01,"Three principal passes in Chemistry, Biology and Physics with a minimum of 6 points: A minimum of C grade in Chemistry and Biology and at least D grade in Physics at A-Level. An applicant with a pass in English or Mathematics at O-Level will have an added advantage.",6.0,30,4,
28,"Archbishop Mihayo University College of Tabora (AMUCTA), Tabora",1.,Bachelor of Arts with Education,AM001,"Two principal passes in the following subjects:History, Geography, Kiswahili, English Language, or Education.",4.0,400,3,
28,"Archbishop Mihayo University College of Tabora (AMUCTA), Tabora",2.,Bachelor of Business Administration,AM003,"Two principal passes in the following subjects: History, Geography, Kiswahili, English Language, Literature in English, French, Arabic, Fine Arts, Economics, Commerce, Accountancy, Physics, Chemistry, Biology, Advanced Mathematics, Agriculture, Computer Science or Nutrition.",4.0,110,3,
28,"Archbishop Mihayo University College of Tabora (AMUCTA), Tabora",3.,Bachelor of Education in Special Needs,AM006,"Two principal passes in the following subjects: History, Geography, Kiswahili, English Language, Education, or Commerce.",4.0,300,3,
28,"Archbishop Mihayo University College of Tabora (AMUCTA), Tabora",4.,"Bachelor of Arts in Geography, Environment and Natural Resources Management",AM007,"Two principal passess from any two subjects, one must be Geography.",4.0,150,3,
29,"Ardhi University (ARU), Dar es Salaam",1.,Bachelor of Architecture,AR001,"Two principal passes in any of the following subjects: Advanced Mathematics, Physics, Chemistry, Biology, Geography, Computer Science or Fine Arts. In addition, an applicant must have at least a subsidiary level pass in Advanced Mathematics or Basic Applied Mathematics at A- level or a minimum of “C” grade in Basic Mathematics at O- Level.",4.0,70,5,
29,"Ardhi University (ARU), Dar es Salaam",2.,Bachelor of Science in Interior Design,AR002,"Two principal passes in any of the following subjects: Physics, Chemistry, Biology, Advanced Mathematics, Geography, Computer Science or Fine Arts. In addition, an applicant must have at least a subsidiary level pass in Advanced Mathematics or Basic Applied Mathematics at A- level or a minimum of “C” grade in Basic Mathematics at O- Level.",4.0,55,4,
29,"Ardhi University (ARU), Dar es Salaam",3.,Bachelor of Science in Landscape Architecture,AR003,"Two principal passes in any of the following subjects: Physics, Chemistry, Biology, Advanced Mathematics, Geography, Computer Science or Fine Arts. In addition, an applicant must have at least a subsidiary level pass in Advanced Mathematics or Basic Applied Mathematics at A- level or a minimum of “C” grade in Basic Mathematics at O-Level.",4.0,55,4,
30,"Ardhi University (ARU), Dar es Salaam",4.,Bachelor of Science in Geomatics,AR005,"Two principal passes in Advanced Mathematics and either Physics, Geography, Chemistry, or Computer Science. In case the second principal level pass is not Physics, an applicant must have at least a subsidiary level pass in Physics at A-level or a credit pass in Physics at the O-Level.",4.0,70,4,
30,"Ardhi University (ARU), Dar es Salaam",5.,Bachelor of Science in Environmental Engineering,AR009,"Two Principal level passes in any of the following subjects: Physics, Advanced Mathematics, Chemistry or Biology. One of the two principal level passes must be in Physics or Mathematics. In addition, an applicant must have at least a subsidiary level pass in Advanced Mathematics or Basic Applied Mathematics at A-level.",4.0,80,4,
30,"Ardhi University (ARU), Dar es Salaam",6.,Bachelor of Science in Environmental Science and Management,AR011,"Two Principal level passes in any of the following subjects: Physics, Advanced Mathematics, Chemistry, Biology, Computer Science or Geography. One of the two principal level passes must be in Physics or Chemistry or Biology. In addition, an applicant must have at least a subsidiary level pass in Advanced Mathematics or Basic Applied Mathematics at A-level or a minimum of “C” grade in Basic Mathematics at O-Level.",4.0,94,4,
31,"Ardhi University (ARU), Dar es Salaam",7.,Bachelor of Science in Housing and Infrastructure Planning,AR012,"Two principal level passes in any of the following subjects: Physics, Chemistry, Biology, Advanced Mathematics, Geography, Computer Science or Economics. In addition, an applicant must have at least a D grade in Advanced Mathematics or a subsidiary grade in Basic Applied Mathematics or a minimum of “B” grade in Basic Mathematics at O-Level.",4.0,65,4,
32,"Ardhi University (ARU), Dar es Salaam",8.,Bachelor of Science in Land Management and Valuation,AR013,"Two Principal level passes in any of the following subjects: Geography, Economics, Advanced Mathematics, History, Commerce, Accountancy, Physics, Biology, Chemistry and Computer Studies. In addition, an applicant must have at least a ‘C’ grade in Mathematics and “D” grade in English Language at O-Level.",4.0,200,4,
32,"Ardhi University (ARU), Dar es Salaam",9.,Bachelor of Science in Municipal and Industrial Services Engineerig,AR014,"Two Principal level passes in any of the following subjects: Physics, Advanced Mathematics, Chemistry, Computer Science or Biology. One of the two principal level passes must be in Physics or Mathematics. In addition, an applicant must have at least a subsidiary level pass in Advanced Mathematics or Basic Applied Mathematics at A- level.",4.0,40,4,
33,"Ardhi University (ARU), Dar es Salaam",10.,Bachelor of Science in Property and Facility Management,AR015,"Two Principal level passes in any of the following subjects: Geography, Economics, Advanced Mathematics, History, Commerce, Accountancy, Physics, Computer or Chemistry. In addition, an applicant must have at least a ‘C’ grade in Mathematics and “D” grade in English Language at O-Level.",4.0,60,4,
33,"Ardhi University (ARU), Dar es Salaam",11.,Bachelor of Science in Regional Development Planning,AR016,"Two principal level passes in any of the following subjects: Physics, Chemistry, Biology, Agriculture, Advanced Mathematics, Geography, Economics, Commerce, Computer Science or Accountancy. In addition, an applicant must have at least a subsidiary level pass in Basic Applied Mathematics or D grade in Advanced Mathematics at A-level or a minimum of “C” grade in Basic Mathematics at O-Level.",4.0,65,4,
33,"Ardhi University (ARU), Dar es Salaam",12.,"Bachelor of Science in Real Estate, Finance and Investment",AR017,"Two Principal level passes in any of the following subjects: Commerce, Accountancy, Economics, Computer, History, Geography, Advanced Mathematics, Physics, Biology or Chemistry. In addition, an applicant must have at least a subsidiary level pass in Advanced Mathematics or Basic Applied Mathematics at A-level or a minimum of “D” grade in Basic Mathematics and a minimum of ‘D’ grade in English Language at O- Level or a pass in English/English Literature at A-level.",4.0,65,4,
34,"Ardhi University (ARU), Dar es Salaam",13.,Bachelor of Science in Urban and Regional Planning,AR018,"Two principal level passes in any of the following subjects: Physics, Chemistry, Biology, Advanced Mathematics, Geography, Economics, Computer Science Commerce or Accountancy. In addition, an applicant must have at least a subsidiary level pass in Basic Applied Mathematics at A-level or a minimum of D grade in Advanced Mathematics at A-level or a minimum of “C” grade in Basic Mathematics at O-Level.",4.0,80,4,
34,"Ardhi University (ARU), Dar es Salaam",14.,Bachelor of Arts in Economics,AR019,"Two principal passes the following subjects: Business Studies, Economics. One of the two principal level passes must be Geography, History, Commerce, Accountancy, Physics, Chemistry or Advanced Mathematics. In addition, an applicant must have at least a subsidiary level pass in Advanced Mathematics or Basic Applied Mathematics at A- level or a minimum of “D” grade in Basic Mathematics at O- Level.",4.0,340,3,
35,"Ardhi University (ARU), Dar es Salaam",15.,Bachelor of Science in Information Systems Management,AR020,Two principal passes in Mathematics and either Physics or Geography or Chemistry or Computer Science or Economics or Business Studies or Accountancy in A-level.,4.0,120,3,
35,"Ardhi University (ARU), Dar es Salaam",16.,Bachelor of Science in Civil Engineering,AR021,Two Principal level passes in the following subjects: Advanced Mathematics and Physics. Those without at least a Subsidiary pass in Chemistry at A-Level must have a minimum of “C”grade in Chemistry at O-level.,4.0,110,4,
36,"Ardhi University (ARU), Dar es Salaam",17.,Bachelor of Science in Accounting and Finance,AR022,"Two Principal passes in any of the following subjects: History, Geography, Economics, Commerce, Advanced Mathematics, Accountancy, Physics, Chemistry, Biology, Agriculture, Computer Science, Business Studies, Fine Arts, Music, Theatre Arts, Textile Garment Construction, Sport or Nutrition. In addition, an applicant must have at least a subsidiary level pass in Advanced Mathematics or Basic Applied Mathematics at A-level or a minimum of “D” grade in Basic Mathematics and a minimum of ‘D’ grade in English Language at O- Level or a pass in English/English Literature at A-level.",4.0,320,3,
36,"Ardhi University (ARU), Dar es Salaam",18.,Bachelor of Arts in Community Development Studies,AR023,"Two principal level passes in any of the following subjects: History, Kiswahili, English Language, Geography, Economics, Commerce, Accountancy, Physics, Chemistry, Biology, Advanced Mathematics, Agriculture, Computer Science or Nutrition, Divinity and Islamic Knowledge",4.0,320,3,
36,"Ardhi University (ARU), Dar es Salaam",19.,Bachelor of Science in Geographical Information Systems and Remote Sensing,AR024,"Two principal level passes in any of the following subjects: Advanced Mathematics, Physics, Chemistry, Geography, Computer Science, Biology, and Agriculture. In addition, a candidate MUST have at least a subsidiary level pass in Mathematics at A-level or at least a “C” grade at O-level.",4.0,100,3,
37,"Ardhi University (ARU), Dar es Salaam",20.,Bachelor of Science in Quantity Surveying and Construction Economics,AR025,"Two principal level passes in any of the following subjects: Advanced Mathematics, Physics, Chemistry, Biology, Computer Science, Economics or Accountancy. In addition, an applicant must have at least a subsidiary pass in Advanced Mathematics or Basic Applied Mathematics at A- level, and at least “C” grade in Physics or mathematics in at O-Level",4.0,170,4,
37,"Ardhi University (ARU), Dar es Salaam",21.,Bachelor of Science in Environmental Laboratory Science and Technology,AR026,"Two principal level passes in any of the following subjects: Physics, Advanced Mathematics, Chemistry, Biology or Geography. One of the two principal level passes must be in Physics or Chemistry or Biology. In addition, an applicant must have at least a Subsidiary level pass in Advanced Mathematics or Basic Applied Mathematics at A-level or a minimum of “C” grade in Basic Mathematics at O-Level.",4.0,44,4,
38,"Ardhi University (ARU), Dar es Salaam",22.,Bachelor of Science in Computer Systems and Networks,AR027,Two principal passes in Mathematics and either Physics or Geography or Chemistry or Computer Science or Economics or Business Studies or Accountancy at A-level.,4.0,80,3,
38,"Ardhi University (ARU), Dar es Salaam",23.,Bachelor of Science in Construction Management,AR028,"Two Principal pass in at least two of the following subjects; Mathematics, Physics, Chemistry, Biology, Computer Science, Economics and Accountancy. An applicant must have at least a Subsidiary level pass in Mathematics at A-level and at least “C” Pass in Physics or Mathematics at O’ level.",4.0,45,4,
38,"Ardhi University (ARU), Dar es Salaam",24.,Bachelor of Science in Building Surveying and Construction Maintenance,AR029,"Two Principal in at least two of the following subjects; Mathematics, Physics, Computer Science, Chemistry, Economics, Geography and Accounts at grade D or above. In addition, an applicant must have at least a Subsidiary level pass in Mathematics at A’ level and at least a Pass in Physics at O’ level.",4.0,45,4,
39,"Ardhi University (ARU), Dar es Salaam",25.,Bachelor of Science in Data Science and Artificial Intelligence,AR030,"Two principal passes in Mathematics and either Physics, Geography, Chemistry, Computer Science, Economics, Business Studies, Accountancy at A-level.",4.0,70,3,
39,"Ardhi University (ARU), Dar es Salaam",26.,Bachelor of Science in Hydrology and Water Resources Engineering,AR031,"Two principal passes in the following subjects; Physics, Mathematics, Computer Science, Agriculture, Chemistry and Geography. In addition, an applicant must have at least a Subsidiary level pass in Physics and Mathematics at A- level.",4.0,30,4,
39,"Ardhi University (ARU), Dar es Salaam",27.,Bachelor of Science in Hydrographic and Oceanographic Sciences,AR032,"Two principal passes in the following subjects: Physics, Geography, Chemistry, Computer Science. If one of the principal pass is not in Physics, the candidate must have at least a credit pass (or equivalent) in Physics at the O-Level.",4.0,30,3,
40,"Ardhi University (ARU), Dar es Salaam",28.,Bachelor of Science in Integrated Water and Environmental Resource Engineering,AR033,"Two principal passes in the following subjects; Physics, Mathematics, Computer Science, Chemistry and Geography. In addition, an applicant must have at least a subsidiary pass in Physics and Mathematics at A’level.",4.0,40,4,
40,"Ardhi University (ARU), Dar es Salaam",29.,Bachelor of Business Administration,AR034,"Two principal passes in the following subjects: History, Geography, Economics, Commerce, Accountancy, Physics, Chemistry, Biology, Agriculture, Computer Science, Business Studies, Fine Arts, Music, Theatre Arts, Textile Garment Construction, Sports or Nutrition. In addition an applicant must have a pass in English at Grade “D” or above in O’level or a pass in English/English Literature at A’level.",4.0,120,3,
40,"Ardhi University (ARU), Dar es Salaam",30.,Bachelor of Science in Geospatial Information and Communication Technology,AR035,"Two principal level passes in any of the following subjects: Mathematics, Physics, Chemistry, Geography, Computer Science. In addition, a candidate MUST have at least a subsidiary level pass in Mathematics at A’level. or at least a “C” grade at O’level.",4.0,30,4,
41,"Arusha Technical College (ATC), Arusha",1.,Bachelor Degree in Computer Science,AT003,"Two principal passes in the following subjects: Physics, Mathematics, Geography, Biology, Economics or Chemistry.",4.0,50,3,
41,"Arusha Technical College (ATC), Arusha",2.,Bachelor Degree in Information Technology,AT004,"Two principal passes in the following subjects: Physics, Mathematics, Geography, Biology, Chemistry or Economics.",4.0,80,3,
41,"Arusha Technical College (ATC), Arusha",3.,Bachelor Degree in Mechanical Engineering,AT008,"Two principal passes in Physics, Mathematics, Geography, Biology, Chemistry or Economics.",4.0,60,3,
41,"Arusha Technical College (ATC), Arusha",4.,Bachelor Degree in Mechatronic and Material Engineering,AT009,"Two principal passes in Physics, Mathematics, Geography, Biology, Chemistry or Economics.",4.0,60,3,
41,"Arusha Technical College (ATC), Arusha",5.,Bachelor Degree in Laboratory Science and Industrial Technology,AT010,"Two principal passes in any of the following subjects: a pass in Basic Applied Mathematics, Physics, Chemistry and Biology",4,30,3,
42,"Catholic University of Health and Allied Sciences (CUHAS), Mwanza",1.,Bachelor of Medical Laboratory Sciences,CU001,"Three principal passes in Physics, Chemistry and Biology with a minimum of 6 points: A minimum of “C” grade in Chemistry and “D” grade in Biology and at least “E ” grade in Physics.",6.0,40,3,
42,"Catholic University of Health and Allied Sciences (CUHAS), Mwanza",2.,Bachelor of Pharmacy,CU003,"Three principal passes in Physics, Chemistry and Biology with a minimum of 6 points: A minimum of “D” grade in Chemistry, Biology and Physics.",6.0,50,4,
42,"Catholic University of Health and Allied Sciences (CUHAS), Mwanza",3.,Doctor of Medicine,CU004,"Three principal passes in Physics, Chemistry and Biology with a minimum of 6 points: A minimum of “D” grade in Chemistry, Biology and Physics.",6.0,200,5,
42,"Catholic University of Health and Allied Sciences (CUHAS), Mwanza",4.,Bachelor of Science in Nursing,CU005,"Three principal passes in Chemistry, Biology and either Physics or Advanced Mathematics or Nutrition with a minimum of 6 points: A minimum of C grade in Chemistry and “D” grade in Biology and at least “E” grade in Physics or Advanced Mathematics or Nutrition.",6.0,50,4,
43,"Catholic University of Health and Allied Sciences (CUHAS), Mwanza",5.,Bachelor of Science in Medical Imaging and Radiotherapy,CU006,"Three principal passes in Physics, Chemistry and Biology with a minimum of 6 points: A minimum of “D” grade in Chemistry, Biology and Physics.",6.0,15,4,
44,"Catholic University of Mbeya (CUoM), Mbeya",1.,Bachelor of Arts with Education,CM001,"Two principal passes in the following subjects: Kiswahili, English, History, Geography, Advanced Mathematics or Economics, Fasihi ya Kiswahili, Literature in English Language, Business Studies and Computer Science.",4.0,300,3,
44,"Catholic University of Mbeya (CUoM), Mbeya",2.,Bachelor of Business Administration,CM002,"Two principal passes in Business, Social Science, Arts, or Science Subjects.",4.0,360,3,
44,"Catholic University of Mbeya (CUoM), Mbeya",3.,Bachelor of laws,CM003,Two principal passes in any two subjects at A-level.,4.0,360,4,
44,"Catholic University of Mbeya (CUoM), Mbeya",4.,Bachelor of Accounting and Finance,CM004,"Two principal passes in two subjects including Advanced Mathematics. If one of the passes is not in Mathematics, an applicant must have a minimum of ""D"" grade in Basic Mathematics, or Commerce, or Bookkeeping, or Economics, Computer Science or ICT at O-Level.",4.0,120,3,
44,"Catholic University of Mbeya (CUoM), Mbeya",5.,Bachelor of Human Resource Management,CM005,"Two principal passes in Social Science, Business, Arts, or Science Subjects.",4.0,300,3,
44,"Catholic University of Mbeya (CUoM), Mbeya",6.,Bachelor of Arts in Project Planning and Management for Community Development,CM006,Two principal passes from any subjects.,4.0,150,3,
45,"Catholic University of Mbeya (CUoM), Mbeya",7.,Bachelor of Arts in Social Work,CM007,Two principal passes from any subjects.,4.0,200,3,
45,"Catholic University of Mbeya (CUoM), Mbeya",8.,Bachelor of Procurement and Supply Chain Management,CM008,"Two principal passes in Business, Arts, or Science Subjects.",4.0,200,3,
45,"Catholic University of Mbeya (CUoM), Mbeya",9.,Bachelor of Public Relations and Marketing,CM009,"Two principal passes in Business, Arts, or Science subjects",4.0,200,3,
46,"College of African Wildlife Management (CAWM), Mweka- Kilimanjaro",1.,Bachelor Degree in Wildlife Management,WM001,"Two principal passes in Biology, Chemistry, Physics, Geography, English Language, Agriculture, Computer Science, Nutrition, Food and Human Nutrition, Entrepreneurship Education or Advanced Mathematics.",4.0,,,
46,"College of African Wildlife Management (CAWM), Mweka- Kilimanjaro",2.,Bachelor Degree in Tourism Management,WM002,"Two principal passes in Biology, Geography, Chemistry, Physics, Agriculture, Nutrition, Food and Human Nutrition, Entrepreneurship Education, Advanced Mathematics, English Language, French Language, Chinese Language, History, Commerce,Economics, Physical Education, Arabic Language, Computer Science, Accounts, Information and Computer Studies.",4.0,,,
46,"College of African Wildlife Management (CAWM), Mweka- Kilimanjaro",3.,Bachelor Degree in Environmental and Waste Management,WM003,"Two principal passes in Biology, Chemistry, Physics, Geography, or Agriculture, Advanced Mathematics, Food and Human Nutrition or Computer Science.",4.0,,,
46,"College of African Wildlife Management (CAWM), Mweka- Kilimanjaro",4.,Bachelor Degree in Natural Resources Management,WM004,"Two principal passes in Biology, Chemistry, Physics, Geography, Agriculture, Computer Science, English Language, Food and Human Nutrition, or Advanced Mathematics.",4.0,,,
46,"College of African Wildlife Management (CAWM), Mweka- Kilimanjaro",5.,Bachelor of Wildlife Tourism,WM005,"Two Principal Passes in Biology, Chemistry, Physics, Geography, Agriculture, Nutrition, Mathematics, Environment, Tourism, Commerce, Economics, History, English Language, Tourism Geography, Marketing, Entrepreneurship or Tourism Marketing.",4.0,,,
47,"College of Business Education (CBE), Dar es Salaam",1.,Bachelor Degree in Accountancy,CBD01,"Two principal passes in the following subjects: Biology, Chemistry, Physics, Geography, Agriculture, Nutrition, Mathematics, Accountancy, Commerce, Economics and English Language, Kiswahili and History. If one of the principal’s passes is not in Advanced Mathematics an applicant must have at least a Pass in Mathematics at O’Level.",4.0,300,3,
47,"College of Business Education (CBE), Dar es Salaam",2.,Bachelor Degree in Business Administration,CBD02,"Two principal passes in the following subjects: Accountancy, Economics, Commerce, Mathematics, Geography, Physics, English Language, History, Kiswahili, Agriculture, Nutrition, Chemistry, Biology, Computer Science, or Fine Arts.",4.0,400,3,
47,"College of Business Education (CBE), Dar es Salaam",3.,Bachelor Degree in Marketing,CBD03,"Two principal passes in the following subjects: History, Geography, Kiswahili, English Language, Literature, French, Arabic, Fine Arts, Economics, Commerce, Accountancy, Physics, Chemistry, Biology, Advanced Mathematics, Agriculture, Computer Science or Nutrition.",4.0,150,3,
47,"College of Business Education (CBE), Dar es Salaam",4.,Bachelor Degree in Procurement and Supply Chain Management,CBD04,"Two principal passes in the following subjects: Advanced Mathematics, Accountancy, Economics, Commerce, Fine Arts, Geography, Physics, English, Kiswahili, History, Chemistry, Biology, Agriculture, Computer Science or Nutrition.",4.0,300,3,
48,"College of Business Education (CBE), Dar es Salaam",5.,Bachelor Degree in Metrology and Standardization,CBD05,"Two principal passes in the following subjects: Physics, Chemistry, Biology, Advanced Mathematics, Agriculture, Geography, Computer Science or Nutrition,one of which MUST BE either Physics or Advanced Mathematics.",4.0,100,3,
48,"College of Business Education (CBE), Dar es Salaam",6.,Bachelor Degree in Information Technology,CBD06,"Two principal passes in the following subjects: Advanced Mathematics, Physics, Chemistry, Biology, Geography, Computer Science, Commerce, Accountancy, Agriculture and Economics. If one of the principal passes is not in Advanced Mathematics, an applicant must have at least a Pass in Basic Mathematics at O–Level.",4.0,50,3,
48,"College of Business Education (CBE), Dar es Salaam",7.,Bachelor Degree in Business Studies with Education,CBD07,"Two principal passes in the following subjects: Accountancy Economics, Commerce, Advanced Mathematics, Geography, Physics, Chemistry, Biology, History or English.",4.0,100,3,
48,"College of Business Education (CBE), Dar es Salaam",8.,Bachelor Degree of Business Administration in Human Resources Management,CBD08,"Two Principal passes in the following subjects; Accountancy, Economics, Commerce, Advanced Mathematics, Geography, Physics, English, Kiswahili, History, Chemistry or Biology.",4.0,200,3,
49,"College of Business Education (CBE), Dar es Salaam",9.,Bachelor of Business Administration in Records and Archives Management,CBD09,"Two Principal passes in Advanced Mathematics, Physics, Chemistry, Geography, Biology, Economics, Accountancy, Commerce, Agriculture, English, History, Kiswahili, French, Computer Science, Nutrition or Fine Arts.",4.0,200,3,
49,"College of Business Education (CBE), Dar es Salaam",10.,Bachelor Degree in Accounting and Finance,CBD10,"Two principal passes in the following subjects: Biology, Chemistry, Physics, Geography, Agriculture, Nutrition, Advanced Mathematics, Accountancy, Commerce or Economics, English Language, Kiswahili. If one of the principal passes is not in Advanced Mathematics, an applicant must have at least a Pass in Basic Mathematics at O’ Level.",4.0,250,3,
49,"College of Business Education (CBE), Dar es Salaam",11.,Bachelor Degree in Accountancy and Taxation,CBD11,"Two principal passes in the following subjects: Biology, Chemistry, Physics, Geography, Agriculture, Nutrition, Advanced Mathematics, Accountancy, Commerce, English Language, Kiswahili, or Economics. If one of the principal passes is not in Advanced Mathematics, an applicant must have at least a Pass in Basic Mathematics at O’ Level",4.0,200,3,
49,"College of Business Education (CBE), Dar es Salaam",12.,Bachelor Degree in Banking and Finance Management,CBD12,"Two principal passes in the following subjects: Biology, Chemistry, Physics, Geography, Agriculture, Nutrition, Advanced Mathematics, Accountancy, Commerce, English Language, Kiswahili or Economics. If one of the principal passes is not in Advanced Mathematics, an applicant must have at least a Pass in Basic Mathematics at O’Level",4.0,200,3,
50,"College of Business Education (CBE), Dar es Salaam",13.,Bachelor of Marketing in Tourism and Event Management,CBD13,"Two principal passes in the following subjects: History, Geography, Kiswahili, English, Literature, French, Arabic, Fine Arts, Economics, Commerce, Accountancy, Physics, Chemistry, Biology, Advanced Mathematics, Agriculture, Computer Science or Nutrition.",4.0,200,3,
50,"College of Business Education (CBE), Dar es Salaam",14.,Bachelor degree in Digital Marketing,CBD14,"Two principal passes in the following subjects: Biology, Chemistry, Physics, Geography, Agriculture, Nutrition, Advanced Mathematics, Accountancy, Commerce or Economics.",4.0,100,3,
50,"College of Business Education (CBE), Dar es Salaam",15.,Bachelor Degree in Economics and Finance,CBD15,"Two principal passes in the following subjects: Biology, Chemistry, Physics, History, Geography, Agriculture, Nutrition, Mathematics, Accountancy, Commerce and Economics. If one of the principal passes is not in Advanced Mathematics, an applicant must have at least a Pass in Basic Mathematics at O’Level.",4.0,100,3,
50,"College of Business Education (CBE), Dar es Salaam",16.,Bachelor Degree in Transport and Logistics Management,CBD16,"Two principal passes in the following subjects: Advanced Mathematics, Accountancy, Economics, Commerce, Fine Arts, Geography, Physics, English, History, Chemistry, Biology, Agriculture, Computer Science and Nutrition.",4.0,100,3,
51,"College of Business Education (CBE), Dar es Salaam",17.,Bachelor Degree in Entrepreneurship and Innovation,CBD17,"Two principal passes in the following subjects: History, Geography, Kiswahili, English, Literature, French, Arabic, Fine Arts, Economics, Commerce, Accountancy, Physics, Chemistry, Biology, Advanced Mathematics, Agriculture, Computer Science or Nutrition.",4.0,100,3,
51,"College of Business Education (CBE), Dar es Salaam",18.,Bachelor of Accountancy and Economics with Education,CBD18,"Two principal passes in the following subjects:Advanced Mathematics, Geography,Economics, Accountancy, or Commerce. In addition, one should have a pass in Book- keeping and Commerce subjects at O-level.",4.0,30,3,
51,"College of Business Education (CBE), Dar es Salaam",19.,Bachelor Degree in Commerce and Accountancy with Education,CBD19,"Two principal passes in the following subjects: Advanced Mathematics, Chemistry,Geography, Economics, Biology, Computer studies, Commerce, Accounts and Physics.",4.0,25,3,
51,"College of Business Education (CBE), Dar es Salaam",20.,Bachelor’s Degree of Business Administration (Double Degree),CBD20,"Two principal passes in the following subjects: Accountancy, Economics, Commerce, Advanced Mathematics, Geography, Physics, English, Agriculture, Nutrition, Chemistry, Biology, Computer Science.",4.0,30,4,
52,"College of Business Education (CBE), Dar es Salaam","21,",Bachelor’s Degree in Digital and Technology Solutions Management with Apprenticeship,CBD21,"Two principal passes in the following subjects: Advanced Mathematics, Chemistry, Geography, Economics, Biology, Computer studies, Commerce, Accounts and Physics.",4.0,25,3,
53,"College of Business Education (CBE), Dodoma",1.,Bachelor Degree in Accountancy,CBM01,"Two principal passes in the following subjects: Biology, Chemistry, Physics, Geography, Agriculture, Nutrition, Advanced Mathematics, Accountancy, Commerce, Economics, History, English or Kiswahili. If one of the principal passes is not in Advanced Mathematics an applicant must have at least a Pass in Basic Mathematics at O - Level.",4.0,100,3,
53,"College of Business Education (CBE), Dodoma",2.,Bachelor Degree in Business Administration,CBM02,"Two principal passes in the following subjects: Accountancy, Economics, Commerce, Advanced Mathematics, Geography, Physics, Kiswahili, English, History, Agriculture, Nutrition, Chemistry or Biology.",4.0,100,3,
53,"College of Business Education (CBE), Dodoma",3.,Bachelor Degree in Marketing Management,CBM03,"Two principal passes in the following subjects: History, Geography, Kiswahili, English, Literature, French, Arabic, Fine Arts, Economics, Commerce, Accountancy, Physics, Chemistry, Biology, Advanced Mathematics, Agriculture, Computer Science or Nutrition.",4.0,100,3,
53,"College of Business Education (CBE), Dodoma",4.,Bachelor Degree in Procurement and Supplies Management,CBM04,"Two principal passes in the following subjects: History, Geography, Kiswahili, English, Literature, French, Arabic, Fine Arts, Economics, Commerce, Accountancy, Physics, Chemistry, Biology, Advanced Mathematics, Agriculture, Computer Science or Nutrition.",4.0,100,3,
54,"College of Business Education (CBE), Dodoma",5.,Bachelor Degree in Business Studies with Education,CBM05,"Two principal passes in the following subjects: History, Geography, Kiswahili, English, Literature, French, Arabic, Fine Arts, Economics, Commerce, Accountancy, Physics, Chemistry, Biology, Advanced Mathematics, Agriculture, Computer Science or Nutrition.",4.0,150,3,
54,"College of Business Education (CBE), Dodoma",6.,Bachelor Degree in Information Technology,CBM06,"Two principal passes in the following subjects: Advanced Mathematics, Physics, Chemistry, Biology, Geography, Commerce, Accountancy, Agriculture or Economics.",4.0,50,3,
54,"College of Business Education (CBE), Dodoma",7.,Bachelor Degree of Business Administration in Records and Archives Management,CBM07,"Two principal passes in the following subjects: History, Geography, Kiswahili, English, Literature, French, Arabic, Fine Arts, Economics, Commerce, Accountancy, Physics, Chemistry, Biology, Advanced Mathematics, Agriculture, Computer Science or Nutrition.",4.0,100,3,
54,"College of Business Education (CBE), Dodoma",8.,Bachelor Degree of Business Administration in Human Resources Management,CBM08,"Two principal passes in the following subjects: History, Geography, Kiswahili, English, Literature, French, Arabic, Fine Arts, Economics, Commerce, Accountancy, Physics, Chemistry, Biology, Advanced Mathematics, Agriculture, Computer Science or Nutrition.",4.0,100,3,
55,"College of Business Education (CBE), Dodoma",9.,Bachelor Degree in Accountancy and Taxation,CBM09,"Two principal passes in the following subjects: History, Geography, Kiswahili, English Literature, French, Arabic, Fine Arts, Economics, Commerce, Accountancy, Physics, Chemistry, Biology, Advanced Mathematics, Agriculture, Computer Science or Nutrition.",4.0,200,3,
55,"College of Business Education (CBE), Dodoma",10.,Bachelor of Banking and Finance,CBM10,"Two principal passes in the following subjects: History, Geography, Kiswahili, English, Literature, French, Arabic, Fine Arts, Economics, Commerce, Accountancy, Physics, Chemistry, Biology, Advanced Mathematics, Agriculture, Computer Science or Nutrition.",4.0,150,3,
55,"College of Business Education (CBE), Dodoma",11.,Bachelor of Marketing and Tourism and Events Management,CBM11,"Two principal passes in the following subjects: History, Geography, Kiswahili, English, Literature, French, Arabic, Fine Arts, Economics, Commerce, Accountancy, Physics, Chemistry, Biology, Advanced Mathematics, Agriculture, Computer Science or Nutrition.",4.0,80,3,
55,"College of Business Education (CBE), Dodoma",12.,Bachelor of Logistics and Transport Management,CBM12,"Two principal passes in the following subjects: History, Geography, Kiswahili, English, Literature, French, Arabic, Fine Arts, Economics, Commerce, Accountancy, Physics, Chemistry, Biology, Advanced Mathematics, Agriculture, Computer Science or Nutrition.",4.0,80,3,
56,"College of Business Education (CBE), Dodoma",13.,Bachelor Degree in Accountancy and Finance,CBM13,"Two principal passes in the following subjects: Biology, Chemistry, Physics, Geography, Agriculture, Nutrition, Advanced Mathematics, Accountancy, English Language, Kiswahili, Commerce, Economics. If one of the principal passes is not in Advanced Mathematics, an applicant must have at least a Pass in Basic Mathematics at O–Level.",4,100,3,
56,"College of Business Education (CBE), Dodoma",14.,Bachelor Degree in Metrology and Standardization,CBM14,"Two principal passes in the following subjects: Physics, Chemistry, Biology, Advanced Mathematics, Agriculture, Geography, Computer Science or Nutrition, one of the principal passes MUST BE either Physics or Advanced Mathematics.",4,100,3,
56,"College of Business Education (CBE), Dodoma",15.,Bachelor Degree in Accountancy and Economics with Education,CBM15,Two principal passes in non-religious subjects including Advanced Mathematics / Basic Applied Mathematics.,4,80,3,
56,"College of Business Education (CBE), Dodoma",16.,Bachelor of Business Administration in Human Resources Management,CBM16,"Two Principal passes in the following subjects: Accountancy, Economics, Commerce, Advanced Mathematics, Geography, Physics, English, Kiswahili, History, Chemistry, Biology.",4,200,3,
57,"College of Business Education (CBE), Dodoma",17.,Bachelor Degree in Human Resources Management,CBM17,"Two Principal passes in the following subjects: Accountancy, Economics, Commerce, Advanced Mathematics, Geography, Physics, English, Kiswahili, History, Chemistry, Biology.",4,100,3,
57,"College of Business Education (CBE), Dodoma",18.,Bachelor degree in Commerce and Accountancy with Education,CBM18,Two principal passes in non religious subject including Advanced Mathematics / Basic Applied Mathematics.,4,25,3,
58,"College of Business Education (CBE), Mwanza",1.,Bachelor Degree in Accountancy,CBMZ1,"Two principal passes in the following subjects; Biology, Chemistry, Physics, Geography, Agriculture, Nutrition, Environment, History, English Language, Mathematics, Economics, Kiswahili, Accountancy or Commerce.",4.0,80,3,
58,"College of Business Education (CBE), Mwanza",2.,Bachelor Degree in Business Administration,CBMZ2,"Two principal passes in the following subjects; Biology, Chemistry, Physics, Geography, Kiswahili Agriculture, Environment, History, English Language, Mathematics, Economics, Accountancy or Commerce.",4.0,75,3,
58,"College of Business Education (CBE), Mwanza",3.,Bachelor Degree in Procurement and Supply Management,CBMZ4,"Two principal passes in the following subjects: History, Geography, Kiswahili, English, Literature, French, Arabic, Fine Arts, Economics, Commerce, Accountancy, Physics, Chemistry, Biology, Advanced Mathematics, Agriculture, Computer Science or Nutrition.",4.0,75,3,
58,"College of Business Education (CBE), Mwanza",4.,Bachelor Degree in Business Studies with Education,CBMZ5,"Two principal passes in the following subjects: History, Geography, Kiswahili, English, Literature, French, Arabic, Fine Arts, Economics, Commerce, Accountancy, Physics, Chemistry, Biology, Advanced Mathematics, Agriculture, Computer Science or Nutrition.",4.0,100,3,
58,"College of Business Education (CBE), Mwanza",5.,Bachelor Degree in Marketing,CBMZ6,"Two principal passes in the following subjects; Biology, Chemistry, Physics, Geography, Kiswahili, French, Arabic, Fine Art, Agriculture, History, English Language, Mathematics, Economics, Accountancy, Commerce or Nutrition.",4.0,100,3,
59,"College of Business Education (CBE), Mwanza",6.,Bachelor Degree of Business Administration in Human Resources Management,CBMZ7,"Two principal passes in the following subjects: History, Geography, Kiswahili, English Language, Literature, French, Arabic, Fine Arts, Economics, Commerce, Accountancy, Physics, Chemistry, Biology, Advanced Mathematics, Agriculture, Computer Science or Nutrition.",4.0,60,3,
59,"College of Business Education (CBE), Mwanza",7.,Bachelor Degree in Accountacy and Finance,CBMZ8,"Two principal passes in the following subjects: History, Geography, Kiswahili, English Language, Literature, French, Arabic, Fine Arts, Economics, Commerce, Accountancy, Physics, Chemistry, Biology, Advanced Mathematics, Agriculture, Computer Science or Nutrition.",4.0,50,3,
59,"College of Business Education (CBE), Mwanza",8.,Bachelor Degree in Accountancy and Taxation,CBMZ9,"Two principal passes in the following subjects: History, Geography, Kiswahili, English Language, Literature, French, Arabic, Fine Arts, Economics, Commerce, Accountancy, Physics, Chemistry, Biology, Advanced Mathematics, Agriculture, Computer Science or Nutrition.",4.0,60,3,
59,"College of Business Education (CBE), Mwanza",9.,Bachelor Degree in Transport and Logistics Management,CBMZ10,"Two principal passes in the following subjects: Advanced Mathematics, Accountancy, Economics, Commerce, Fine Arts, Geography, Physics, English, History, Chemistry, Biology, Agriculture, Computer Science or Nutrition.",4.0,100,3,
60,"College of Business Education (CBE), Mwanza",10.,Bachelor Degree of Marketing in Tourism and Event Management,CBMZ11,"Two principal passes in the following subjects: History, Geography, Kiswahili, English Language, Literature, French, Arabic, Fine Arts, Economics, Commerce, Accountancy, Physics, Chemistry, Biology, Advanced Mathematics, Agriculture, Computer Science or Nutrition.",4.0,100,3,
61,"College of Business Education (CBE), Mbeya",1.,Bachelor Degree in Accountancy,CBMB01,"Two principal passes in the following subjects; Biology, Chemistry, Physics, Geography, Agriculture, Nutrition, Environment, History, English Language, Mathematics, Economics, Kiswahili, Accountancy or Commerce.",4.0,50,3,
61,"College of Business Education (CBE), Mbeya",2.,Bachelor Degree in Business Administration.,CBMB02,"Two principal passes in the following subjects; Biology, Chemistry, Physics, Geography, Kiswahili, French, Arabic, Fine Art, Agriculture, History, English Language, Mathematics, Economics, Accountancy, Commerce or Food and Nutrition.",4.0,50,3,
61,"College of Business Education (CBE), Mbeya",3.,Bachelor Degree in Marketing,CBMB03,"Two principal passes in the following subjects; Biology, Chemistry, Physics, Geography, Kiswahili, French, Arabic, Fine Art, Agriculture, History, English Language, Mathematics, Economics, Accountancy, Commerce or Food and Nutrition.",4.0,50,3,
61,"College of Business Education (CBE), Mbeya",4.,Bachelor Degree in Procurement and Supply Chain Management,CBMB04,"Two principal passes in the following subjects; Biology, Chemistry, Physics, Geography, Kiswahili, Agriculture, Environment, History, English Language, Mathematics, Economics, Accountancy or Commerce.",4.0,100,3,
62,"Dr. Salim Ahmed Salim Centre for Foreign Relations (CFR), Dar es Salaam",1.,Bachelor Degree in International Relations and Diplomacy,CFR01,"Two principal passes in the following subjects: History, Geography, Kiswahili, English Language, Literature in English, French, Arabic, Fine Arts, Economics, Commerce, Accountancy, Physics, Chemistry, Biology, Advanced Mathematics, Agriculture, Computer Science or Nutrition.",4.0,150,3,
62,"Dr. Salim Ahmed Salim Centre for Foreign Relations (CFR), Dar es Salaam",2.,Bachelor Degree in Governance and Strategic Leadership.,CFR02,"Two principal passes in the following subjects: History, Geography, Kiswahili, English Language, Literature in English, French, Arabic, Fine Arts, Economics, Commerce,Accountancy, Physics, Chemistry, Biology, Advanced Mathematics, Agriculture, Computer Science or Nutrition.",4.0,100,3,
63,"Dar es Salaam Institute of Technology (DIT), Dar es Salaam",1.,Bachelor of Engineering in Civil Engineering,DT001,Two principal passes in Physics and Advanced Mathematics An applicant must have at least a pass in Basic Mathematics and Physics at O - Level.,4.0,280,4,
63,"Dar es Salaam Institute of Technology (DIT), Dar es Salaam",2.,Bachelor of Engineering in Computer Engineering,DT002,Two principal passes in Physics and Advanced Mathematics. An applicant must have at least a pass in Basic Mathematics and Physics at O - Level.,4.0,220,4,
63,"Dar es Salaam Institute of Technology (DIT), Dar es Salaam",3.,Bachelor of Engineering in Electrical Engineering,DT003,Two principal passes in Physics and Advanced Mathematics. An applicant must have at least a pass in Basic Mathematics and Physics at O - Level.,4.0,200,4,
63,"Dar es Salaam Institute of Technology (DIT), Dar es Salaam",4.,Bachelor of Engineering in Electronics and Telecommunication Engineering,DT004,Two principal passes in Physics and Advanced Mathematics. An applicant must have at least a pass in Basic Mathematics and Physics at O - Level.,4.0,150,4,
63,"Dar es Salaam Institute of Technology (DIT), Dar es Salaam",5.,Bachelor of Engineering in Mechanical Engineering,DT005,Two principal passes in Physics and Advanced Mathematics. An applicant must have at least a pass in Basic Mathematics and Physics at O - Level.,4.0,200,4,
64,"Dar es Salaam Institute of Technology (DIT), Dar es Salaam",6.,Bachelor of Engineering in Oil and Gas Engineering,DT006,Two principal passes in Physics and Advanced Mathematics.,4.0,50,4,
64,"Dar es Salaam Institute of Technology (DIT), Dar es Salaam",7.,Bachelor of Technology in Laboratory Science,DT007,"Two principal passes in the following subjects: Advanced Mathematics, Physics, Chemistry and Biology, with not less than four passes at O’ Level including Basic Mathematics and Physics.",4.0,120,3,
64,"Dar es Salaam Institute of Technology (DIT), Dar es Salaam",8.,Bachelor of Mining Engineering,DT008,Two principal passes in Physics and Advanced Mathematics.,4.0,35,4,
64,"Dar es Salaam Institute of Technology (DIT), Dar es Salaam",9.,Bachelor of Engineering in Biomedical Engineering,DT009,Two principal passes in Physics and Advanced Mathematics. An applicant MUST HAVE at least a pass in Basic Mathematics and Physics at O - Level.,4.0,160,4,
65,"Dar es Salaam Institute of Technology (DIT), Mwanza Campus",1.,Bachelor of technology in laboratory science,DTM001,"Two principal passes in the following subjects: Advanced Mathematics, Physics, Chemistry and Biology, with not less than four passes at O’ Level, including Basic Mathematics and Physics.",4.0,60,3,
66,"Dar es Salaam Maritime Institute (DMI), Dar es Salaam",1.,Bachelor Degree in Maritime Transport and Nautical Science,DMI01,"Two principal passes in the following subjects: Advanced Mathematics, Physics, Chemistry or Geography.",4.0,25,4,
66,"Dar es Salaam Maritime Institute (DMI), Dar es Salaam",2.,Bachelor Degree in Marine Engineering Technology,DMI02,"Two principal passes in the following subjects: Advanced Mathematics, Physics or Chemistry.",4.0,25,4,
66,"Dar es Salaam Maritime Institute (DMI), Dar es Salaam",3.,Bachelor Degree in Shipping and LogisticsManagement,DMI03,"Two principal passes in the following subjects: Advanced Mathematics, Physics, Chemistry, Biology, Accountancy, Geography, Economics, Commerce, History, Literature or English.",4.0,200,3,
66,"Dar es Salaam Maritime Institute (DMI), Dar es Salaam",4.,Bachelor Degree in Naval Architecture and Offshore Engineering,DMI04,"Two principal passes in the following subjects: Advanced Mathematics, Physics or Chemistry.",4.0,25,4,
66,"Dar es Salaam Maritime Institute (DMI), Dar es Salaam",5.,Bachelor Degree in Procurements and Supply Chain Management,DMI05,"Two principal passes in the following subjects: Advanced Mathematics, Physics,Chemistry, Biology, Accountancy, Geography, History, Economics, Commerce, English or Literature.",4.0,200,3,
67,"Dar es Salaam Maritime Institute (DMI), Dar es Salaam",6.,Bachelor Degree in Transport and Supply Chain Management,DMI06,"Two principal passes in the following subjects: Advanced Mathematics, Physics, Chemistry, Biology, Accountancy, Geography, History, English/Literature, Economics or Commerce.",4.0,150,3,
67,"Dar es Salaam Maritime Institute (DMI), Dar es Salaam",7.,Bachelor Degree in Mechanical and Marine Engineering,DMI07,"Two principal passes in the following subjects: Advanced Mathematics, Physics or Chemistry.",4.0,60,4,
67,"Dar es Salaam Maritime Institute (DMI), Dar es Salaam",8.,Bachelor Degree in Oil and Gas Engineering,DMI08,"Two principal passes at a minimum of ‘D’ grade in the following subjects: Advanced Mathematics, Physics, Geography and Chemistry.",4.0,25,4,
67,"Dar es Salaam Maritime Institute (DMI), Dar es Salaam",9.,Bachelor Degree in Mechatronics Engineering,DMI09,"Two principal passes in the following subjects: Advanced Mathematics, Physics or Chemistry.",4.0,100,4,
67,"Dar es Salaam Maritime Institute (DMI), Dar es Salaam",10.,Bachelor of Shipping Economics and Logistics,DMI10,"Two principal passes in the following subjects: Advanced Mathematics, Physics, Chemistry, Biology, Accountancy, Geography, Economics or Commerce, History, English or Literature",4.0,200,3,
68,"Dar es Salaam Tumaini University (DarTU), Dar es Salaam",1.,Bachelor of Arts in Mass Communication,TD001,"Two principal passes in the following subjects: History, Geography, Kiswahili, English Language, French, Arabic, Fine Arts, Economics, Commerce, Accountancy, Physics, Chemistry, Biology, Advanced Mathematics, Agriculture, Computer Science or Nutrition. If one of the principal passes is not English an applicant MUST HAVE subsidiary pass in English at A-level or a minimum of “C” grade in English at O- Level.",4.0,150,3,
68,"Dar es Salaam Tumaini University (DarTU), Dar es Salaam",2.,Bachelor of Laws,TD002,"Two principal passes in the following subjects: History, Geography, Kiswahili, English Language, French, Arabic, Fine Arts, Economics, Commerce, Accountancy, Physics, Chemistry, Biology, Advanced Mathematics, Agriculture, Computer Science or Nutrition. If one of the principal passes is not English an applicant MUST HAVE subsidiary pass in English at A-level or a minimu of “C” grade in English at O-Level.",4.0,192,3,
69,"Dar es Salaam Tumaini University (DarTU), Dar es Salaam",3.,Bachelor of Arts in Library and Information Studies,TD003,"Two principal passes in the following subjects: History, Geography, Kiswahili, English Language, French, Arabic, Fine Arts, Economics, Commerce, Accountancy, Physics, Chemistry, Biology, Advanced Mathematics, Agriculture, Computer Science or Nutrition.",4.0,70,3,
69,"Dar es Salaam Tumaini University (DarTU), Dar es Salaam",4.,Bachelor of Business Administration (Corporate Services),TD004,"Two principal passes in the following subjects: History, Geography, Kiswahili, English Language, French, Arabic, Fine Arts, Economics, Commerce, Accountancy, Physics, Chemistry, Biology, Advanced Mathematics, Agriculture, Computer Science or Nutrition. If one of the principal passes is not in Advanced Mathematics, an applicant MUST HAVE a subsidiary pass in Economics, Accountancy, Commerce or a minimum of “D” grade in Mathematics, Commerce or Book Keeping at O-Level.",4.0,150,3,
70,"Dar es Salaam Tumaini University (DarTU), Dar es Salaam",5.,Bachelor of Information Systems Management,TD005,"Two principal passes in the following subjects: History, Geography, Kiswahili, English Language, French, Arabic, Fine Arts, Economics, Commerce, Accountancy, Physics, Chemistry, Biology, Advanced Mathematics, Agriculture, Computer Science or Nutrition.",4.0,100,3,
70,"Dar es Salaam Tumaini University (DarTU), Dar es Salaam",6.,Bachelor of Arts with Education,TD006,"Two principal passes in the following subjects: English, History, Kiswahili, Geography, Literature or Economics.",4.0,250,3,
70,"Dar es Salaam Tumaini University (DarTU), Dar es Salaam",7.,Bachelor of Human Resources Management,TD007,"Two principal passes in the following subjects: History, Geography, Kiswahili, English Language, French, Arabic, Fine Arts, Economics, Commerce, Accountancy, Physics, Chemistry, Biology, Advanced Mathematics, Agriculture, Computer Science or Nutrition.",4.0,100,3,
70,"Dar es Salaam Tumaini University (DarTU), Dar es Salaam",8.,Bachelor of Laws (Evening Session),TD008,"Two principal passes in the following subjects: History, Geography, Kiswahili, English Language, French, Arabic, Fine Arts, Economics, Commerce, Accountancy, Physics, Chemistry, Biology, Advanced Mathematics, Agriculture, Computer Science or Nutrition. If one of the principal passes is not in English an applicant MUST HAVE subsidiary pass in English at A-level or a minimum of “C” grade in English at O-Level.",4.0,150,3,
71,"Dar es Salaam Tumaini University (DarTU), Dar es Salaam",9.,Bachelor of Arts in Social Work with Diaconia,TD009,"Two principal passes in the following subjects: Physics, Chemistry, Business Studies, Economics, Accountancy, Commerce, Mathematics, Computer Science, Food and Human Nutrition, Music and Sports, Theatre Arts, Fine Art, Geography, English, History, Chemistry, Biology, Agriculture, Kiswahili, French, Chinese, Computer Science, Divinity, Islamic Knowledge and Arabic.",4.0,90,3,
71,"Dar es Salaam Tumaini University (DarTU), Dar es Salaam",10.,Bachelor of Accounting with Computing,TD010,"Two principal passes in the following subjects: Accountancy, Economics,Commerce, Mathematics, Geography, Physics, English, History, Chemistry, Biology, Agriculture and Kiswahili.",4.0,90,3,
72,"Dar es Salaam Tumaini University (DarTU), Dar es Salaam",11.,Bachelor of Accounting with Computing (Evening Session),TD011,"Two principal passes in the following subjects: Accountancy, Economics, Commerce, Mathematics, Geography, Physics, English, History, Chemistry, Biology, Agriculture and Kiswahili.",4.0,50,3,
72,"Dar es Salaam Tumaini University (DarTU), Dar es Salaam",12.,Bachelor of Theology,TD012,"Two principal passes in the following subjects: Physics, Chemistry, Economics, Commerce, Mathematics, Geography, English, History, Chemistry, Biology, Agriculture, Kiswahili, French, Chinese, Computer Science and Divinity.",4.0,100,3,
72,"Dar es Salaam Tumaini University (DarTU), Dar es Salaam",13.,Bachelor of Science in Information Technology,TD013,"Two principal passes in the following subjects: Mathematics, Physics, Chemistry, Economics, Commerce, Business Studies, Accountancy, Agriculture, Geography, Chemistry, Biology, and Computer Science. In addition, a candidate MUST have a principal pass in Advanced Mathematics or subsidiary Basic Applied Mathematics in A-level or at least a ‘C’ grade in Mathematics/ Physics at O-level.",4.0,100,3,
73,"Dar es Salaam Tumaini University (DarTU), Dar es Salaam",14.,Bachelor of Arts with Education (evening),TD014,"Two principal passes in the following subjects: English, History, Kiswahili, Geography, Literature or Economics.",4.0,200,3,
73,"Dar es Salaam Tumaini University (DarTU), Dar es Salaam",15.,Bachelor of Business Administration in Marketing,TD015,"Two principal passes in the following subjects: Accountancy, Economics, Commerce, Mathematics, Geography, Physics, English, History, Chemistry, Biology, Agriculture and Kiswahili",4.0,100,3,
73,"Dar es Salaam Tumaini University (DarTU), Dar es Salaam",16.,Bachelor of Business Administration in Accounting,TD016,"Two principal passes in the following subjects: Accountancy, Economics, Commerce, Mathematics, Geography, Physics, English, History, Chemistry, Biology, Agriculture and Kiswahili",4.0,100,3,
73,"Dar es Salaam Tumaini University (DarTU), Dar es Salaam",17.,Bachelor of Science in Computer Science (Cybersecurity),TD017,"Two principal passes, one in Advanced Mathematics or Computer Science/Studies and one of the following subjects: Physics, Biology, Geography, Economics, or Chemistry. In addition, a candidate MUST have a principal pass in Advanced Mathematics or subsidiary in Basic Applied Mathematics in A-level or at least a ‘D’ grade in Mathematics/ Physics at O’level.",4.0,70,3,
74,"Dar es Salaam University College of Education (DUCE), Dar es Salaam",1.,Bachelor of Science with Education,UDD03,"Two principal passes in the following subjects: Physics, Chemistry, Mathematics, Biology, Economics or Geography.",4.0,800,3,
74,"Dar es Salaam University College of Education (DUCE), Dar es Salaam",2.,Bachelor of Arts with Education,UDD04,"Two principal passes in the following subjects: History, Geography, Kiswahili, English Language, Literature in English, French, Arabic, Fine Arts, Economics, Commerce, Accountancy or Advanced Mathematics.",5 0,1650,3,
74,"Dar es Salaam University College of Education (DUCE), Dar es Salaam",3.,Bachelor of Arts in Disaster Risk Management,UDD05,"Two principal passes in the following subjects: Geography, Economics, Biology, Chemistry, Physics or Advanced Mathematics.",5.0,80,3,
74,"Dar es Salaam University College of Education (DUCE), Dar es Salaam",4.,Bachelor of Arts in Economics,UDD06,Two principal passes one of which must be in Economics or Advanced Mathematics. Candidates without Advanced Mathematics must have a credit pass or above in Basic Mathematics at O-Level.,5 from 3 subjects,150,3,
76,"Eastern Africa Statistical Training Centre (EASTC), Dar es Salaam",1.,Bachelor Degree in Official Statistics,EA001,"Two principal passes in the following subjects: Advanced Mathematics, Physics, Chemistry, Biology, Accountancy, Agriculture, Geography, Economics, Computers, Commerce, Business Studies, Education, Food & Nutrition and Computer Science. If one of the principal passes is not in Advanced Mathematics, a Subsidiary pass in Basic Applied Mathematics or a minimum of ‘’D’’ grade in Mathematics at O-Level is required.",4.0,150,3,
76,"Eastern Africa Statistical Training Centre (EASTC), Dar es Salaam",2.,Bachelor Degree in Data Science,EA002,"Two principal passes in the following subjects: Advanced Mathematics, Physics, Chemistry, Biology, Accountancy, Agriculture, Geography, Computers, Economics, Commerce, Business Studies, Education, Food & Nutrition and Computer Science. If one of the principal passes is not in Advanced Mathematics, a Subsidiary pass in Basic Applied Mathematics or a minimum of ‘’D’’ grade in Mathematics at O-Level is required.",4.0,150,3,
76,"Eastern Africa Statistical Training Centre (EASTC), Dar es Salaam",3.,Bachelor Degree in Business Statistics and Economics,EA003,"Two principal passes in the following subjects: Advanced Mathematics, Physics, Chemistry, Biology, Accountancy, Agriculture, Geography, Economics, Computers, Commerce, Business Studies, Education, Food & Nutrition and Computer Science. If one of the principal passes is not in Advanced Mathematics, a Subsidiary pass in Basic Applied Mathematics or a minimum of ‘’D’’grade in Mathematics at O-Level is required.",4.0,150,3,
77,"Eastern Africa Statistical Training Centre (EASTC), Dar es Salaam",4.,Bachelor Degree in Agricultural Statistics and Economics,EA004,"Two principal passes in the following subjects: Advanced Mathematics, Physics, Chemistry, Biology, Accountancy, Agriculture, Geography, Economics, Computers, Commerce, Nutrition, Business Studies, Education, Food & Nutrition and Computer Science. If one of the principal passes is not in Advanced Mathematics, a Subsidiary pass in Basic Applied Mathematics or a minimum of ‘’D’’ grade in Mathematics at O- Level is required.",4.0,150,3,
77,"Eastern Africa Statistical Training Centre (EASTC), Dar es Salaam",5.,Bachelor of Science in Actuarial Statistics,EA005,"Two principal passes, in Advanced Mathematics and one of the following subjects; Economics, Geography, Commerce, Accountancy, Business Studies, Physics, Chemistry, Biology, Agriculture, Education or Computer Science.",4.0,300,3,
78,"Institute of Accountancy Arusha (IAA), Arusha",1.,Bachelor of Finance and Banking,IA001,"Two principal passes in the following subjects: Economics, Accountancy, Commerce, Physics, Chemistry, Biology, Geography or Advanced Mathematics. An applicant must have at least a subsidiary or pass in Mathematics at O’ level if one of the principal passes is not an Advanced Mathematics.",4.0,160,3,
78,"Institute of Accountancy Arusha (IAA), Arusha",2.,Bachelor of Business Management,IA002,"Two principal passes in the following subjects: History, Geography, Kiswahili, English Language, French, Arabic, Fine Arts, Economics, Commerce, Accountancy, Physics, Chemistry, Biology, Advanced Mathematics, Agriculture, Computer Science or Nutrition.",4.0,260,3,
78,"Institute of Accountancy Arusha (IAA), Arusha",3.,Bachelor of Computer Science,IA003,"Two principal passes in the following subjects: Physics, Chemistry, Biology, Computer Studies, Agriculture, Geography or Advanced Mathematics.",4.0,150,3,
78,"Institute of Accountancy Arusha (IAA), Arusha",4.,Bachelor of Information Technology,IA004,"Two principal passes in the following subjects: History, Geography, Kiswahili, English Language, French, Arabic, Fine Arts, Economics, Commerce, Accountancy, Physics, Chemistry, Biology, Advanced Mathematics, Agriculture, Computer Science or Nutrition. If one of the principal passes is not in Advanced Mathematics an applicant must have at least a subsidiary pass or a minimum of “D” grade in Mathematics a O-Level.",4.0,200,3,
79,"Institute of Accountancy Arusha (IAA), Arusha",5.,Bachelor in Procurement and Supply Chain Management,IA005,"Two principal passes in the following subjects: History, Geography, English Language, Economics, Accountancy, Commerce, Physics, Chemistry, Biology, Agriculture or Advanced Mathematics.",4.0,260,3,
79,"Institute of Accountancy Arusha (IAA), Arusha",6.,Bachelor of Economics and Finance,IA006,"Two principal passes in the following subjects: Economics, Accountancy, Commerce, Physics, Chemistry, Biology, Agriculture, Geography or Advanced Mathematics.",4.0,260,3,
79,"Institute of Accountancy Arusha (IAA), Arusha",7.,Bachelor of Accountancy,IA007,"Two principal passes in the following subjects: Economics, Accountancy, Commerce, Physics, Chemistry, Biology, Geography or Advanced Mathematics. An applicant must have at least a subsidiary or pass in Mathematics at O’ level if one of the principal passes is not an Advanced Mathematics.",4.0,490,3,
80,"Institute of Accountancy Arusha (IAA), Arusha",8.,Bachelor of Economics and Taxation,IA009,"Two principal passes in the following subjects: Economics, Accountancy, Commerce, Physics, Chemistry, Biology, Agriculture, Geography or Advanced Mathematics. If one of the principal passes is not in Advanced Mathematics an applicant must have at least a subsidiary pass or a minimum of “D” grade in Mathematics at O-Level.",4.0,80,3,
80,"Institute of Accountancy Arusha (IAA), Arusha",9.,Bachelor of Accounting with Information Technology,IA010,"Two principal passes in the following subjects: History, Geography, Kiswahili, English Language, French, Arabic, Fine Arts, Economics, Commerce, Accountancy, Physics, Chemistry, Biology, Advanced Mathematics, Agriculture, Computer Science or Nutrition. If one of the principal passes is not in Advanced Mathematics an applicant must have at least a subsidiary pass or a minimum of “D” grade in Mathematics at O-Level.",4.0,210,3,
80,"Institute of Accountancy Arusha (IAA), Arusha",10.,Bachelor of Banking with Apprenticeship,IA011,"Two principal passes in the following subjects: History, Geography, Kiswahili, English Language, French, Arabic, Fine Arts, Economics, Commerce, Accountancy, Physics, Chemistry, Biology, Advanced Mathematics, Agriculture, Computer Science or Nutrition. If one of the principal passes is not in Advanced Mathematics an applicant must have at least a subsidiary pass or a minimum of “D” grade in Mathematics at O-Level.",4.0,100,3,
81,"Institute of Accountancy Arusha (IAA), Arusha",11.,Bachelor of Education with Computer Science,IA013,"Two principal passes in the following subjects: History, Geography, Kiswahili, English Language, Economics, Commerce, Accountancy, Physics, Chemistry, Biology, Advanced Mathematics, Agriculture, Computer Science or Nutrition OR Foundation Programme of the OUT with a minimum GPA of 3.0.",4.0,100,3,
81,"Institute of Accountancy Arusha (IAA), Arusha",12.,Bachelor of Insurance and Risk Management with Apprenticeship,IA014,"Two principal passes in the following subjects: History, Geography, Kiswahili, English Language, French, Arabic, Fine Arts, Economics, Commerce, Accountancy, Physics, Chemistry, Biology, Advanced Mathematics, Agriculture, Computer Science or Nutrition.",4.0,250,3,
82,"Institute of Accountancy Arusha (IAA), Arusha",13.,Bachelor of Library Studies and Information Science,IA015,"Two principal passes in the following subjects: History, Geography, Kiswahili, English Language, French, Arabic, Fine Arts, Economics, Commerce, Accountancy, Physics, Chemistry, Biology, Advanced Mathematics, Agriculture, Computer Science or Nutrition.",4.0,300,3,
82,"Institute of Accountancy Arusha (IAA), Arusha",14.,Bachelor of Credit Management,IA016,"Two principal passes in the following subjects: Economics,Accountancy,Commerce,Physics,Chemisty, Biology,Agriculture, Geography or Advanced Mathematics.",4.0,250,3,
82,"Institute of Accountancy Arusha (IAA), Arusha",15.,Bachelor of Security and Strategic Studies,IA017,"Two principal passes in the following subjects: History, Geography, Kiswahili, English Language, French, Arabic, Fine Art, Economics, Commerce, Accountancy, Physics, Chemistry, Biology, Advanced Mathematics, Agriculture, Computer Science or Business Studies or Tourism or Nutrition",4.0,75,3,
82,"Institute of Accountancy Arusha (IAA), Arusha",16.,Bachelor of Tourism and Hospitality with Apprenticeship,IA018,"Two principal passes in the following subjects: History, Geography, Kiswahili, English Language, French, Arabic, Fine Arts, Economics, Commerce, Accountancy, Physics, Chemistry, Biology, Advanced Mathematics, Agriculture, Computer Science or Nutrition.",4.0,200,3,
83,"Institute of Accountancy Arusha (IAA), Arusha",17.,Bachelor of Cyber Security,IA019,"Two principal passes in the following Science Subjects: Physics, Chemistry, Biology, Computer Studies, Agriculture,Geography, Computer Science or Advanced Mathematics.",4.0,75,3,
83,"Institute of Accountancy Arusha (IAA), Arusha",18.,Bachelor Degree in Human Resource Management,IA020,"Two Principal passes in the following subjects: History, Geography, Kiswahili, English Language, French, Arabic, Fine Arts, Economics, Commerce, Accountancy, Physics, Chemistry, Biology, Advanced Mathematics, Agriculture, Computer Science or Nutrition.",4.0,250,3,
83,"Institute of Accountancy Arusha (IAA), Arusha",19.,Bachelor Degree in Marketing and Public Relations,IA021,"Two Principal passes in the following subjects: History, Geography, Kiswahili, English Language, French, Arabic, Fine Arts, Economics, Commerce, Accountancy, Physics, Chemistry, Biology, Advanced Mathematics, Agriculture, Computer Science or Nutrition.",4.0,300,3,
83,"Institute of Accountancy Arusha (IAA), Arusha",20.,Bachelor of Economics and Project Management,IA022,"Two principal passes in the following subjects: Economics, Accountancy, Commerce, Physics, Chemistry, Biology, Agriculture, Geography, History or Advanced Mathematics.",4.0,250,3,
84,"Institute of Accountancy Arusha (IAA), Arusha",21.,Bachelor of Records and Information Management,IA023,"Two principal passes in the following subjects: History, Geography, Kiswahili, English Language, French, Arabic, Fine Arts, Economics, Commerce, Accountancy, Physics, Chemistry, Biology, Advanced Mathematics, Agriculture, Computer Science or Nutrition.",4.0,100,3,
84,"Institute of Accountancy Arusha (IAA), Arusha",22.,Bachelor of Accountancy and Finance,IA024,"Two principal passes in Economics, Accountancy, Commerce, Physics, Chemistry, Biology, Geography or Advanced Mathematics.",4.0,250,3,
84,"Institute of Accountancy Arusha (IAA), Arusha",23.,Bachelor of Auditing and Assurance,IA025,"Two principal passes in the following subjects: History, Geography, Kiswahili, English Language, French, Arabic, Fine Arts, Economics, Commerce, Accountancy, Physics, Chemistry, Biology, Advanced Mathematics, Agriculture, Computer Science or Nutrition.",4.0,50,3,
84,"Institute of Accountancy Arusha (IAA), Arusha",24.,Bachelor of Multimedia and Mass Communication,IA026,"Two principal passes in the following subjects: History, Geography, Kiswahili, English Language, French, Arabic, Fine Arts, Economics, Commerce, Accountancy, Physics, Chemistry, Biology, Advanced Mathematics, Agriculture, Computer Science or Nutrition.",4.0,50,3,
85,"Institute of Accountancy Arusha (IAA), Arusha",25.,Bachelor of Natural Resource Economics,IA027,"Two principal passes in Economics, Accountancy, Commerce, Physics, Chemistry, Biology, Agriculture, History, Geography or Mathematics.",4.0,125,3,
85,"Institute of Accountancy Arusha (IAA), Arusha",26.,Bachelor of Computer Networks Technologies,IA028,"Two principal passes in the following subjects: History, Geography, Kiswahili, English Language, French, Arabic, Fine Art, Economics, Commerce, Accountancy, Physics, Chemistry, Biology, Advanced Mathematics, Agriculture, Computer Science or Nutrition. If one of the principal passes is not in Advanced Mathematics, an applicant must have at least a subsidiary pass or a minimum of “D”grade in Mathematics at O-Level.",4.0,150,3,
85,"Institute of Accountancy Arusha (IAA), Arusha",27.,Bachelor of Finance and Investment,IA029,"Two principal passes in the following Subjects: Economics, Accountancy, Commerce, History, Physics, Chemistry, Biology, Geography or Advanced Mathematics.",4.0,180,3,
86,"Institute of Accountancy Arusha (IAA), Dar es Salaam Campus",1.,Bachelor of Accountancy,IAD01,"Two principal passes in the following subjects: Economics, Accountancy, Commerce, Physics, Chemistry, Biology, Geography or Advanced Mathematics. If one of the principal passes is not in Advanced Mathematics an applicant must have at least a subsidiary pass or a minimum of “D” grade in Mathematics at O-Level.",4.0,100,3,
86,"Institute of Accountancy Arusha (IAA), Dar es Salaam Campus",2.,Bachelor Degree in Computer Science,IAD02,"Two Principal passes in the following subjects:Physics, Chemistry, Biology, Computer Studies, Agriculture, Geography or Mathematics.",4.0,150,3,
86,"Institute of Accountancy Arusha (IAA), Dar es Salaam Campus",3.,Bachelor Degree in Information Technology,IAD03,"Two principal passes in the following subjects: History, Geography, Kiswahili, English Language, French, Arabic, Fine Art, Economics, Commerce, Accountancy, Physics, Chemistry, Biology, Advanced Mathematics, Agriculture, Computer Science or Nutrition. If one of the principal passes is not in Advanced Mathematics, an applicant must",4.0,50,3,
88,"Institute of Accountancy Arusha (IAA), Babati Campus",1.,Bachelor of Accounting with Information Technology,IAB01,"Two principal passes in the following subjects: History, Geography, Kiswahili, English Language, French, Arabic, Fine Art, Economics, Commerce, Accountancy, Physics, Chemistry, Biology, Advanced Mathematics, Agriculture, Computer Science or Nutrition. If one of the principal passes is not in Advanced Mathematics an applicant must have at least a subsidiary pass or a minimum of “D”grade in Mathematics at O-Level OR the Foundation Programme of the OUT with a minimum GPA of 3.0.",4.0,55,3,
89,"Institute of Adult Education (IAE), Dar es Salaam",1.,Bachelor Degree in Adult and Continuing Education,AE001,"Two principal passes in the following subjects: History, Geography, Kiswahili or English Language",4.0,150,3,
89,"Institute of Adult Education (IAE), Dar es Salaam",2.,Bachelor Degree in Adult Education and Community Development,AE002,"Two principal passes in the following subjects: History, Geography, Kiswahili or English Language",4.0,150,3,
89,"Institute of Adult Education (IAE), Dar es Salaam",3.,Bachelor Degree in Adult Education and Community Development (ODL),AE003,"Two principal passes in the following subjects: History, Geography, Kiswahili or English Language.",4.0,150,3,
89,"Institute of Adult Education (IAE), Dar es Salaam",4.,Bachelor Degree in Adult and Continuing Education (ODL),AE004,"Two principal passes in the following subjects: History, Geography, Kiswahili or English Language",4.0,100,3,
90,"Institute of Finance Management (IFM), Dar es Salaam",1.,Bachelor of Accounting,IF001,"Two principal passes in the following subjects: History, Geography, Kiswahili, English Language, French, Chinese, Arabic, Fine Art, Physical Education, Economics, Commerce, Accountancy, Physics, Chemistry, Biology, Advanced Mathematics, Agriculture, Computer Science or Nutrition. Those without a principal pass or a subsidiary pass in Advanced Mathematics or a pass in Basic Applied Mathematics must have a credit at O-Level.",4.0,300,3,
90,"Institute of Finance Management (IFM), Dar es Salaam",2.,Bachelor of Banking and Finance,IF002,"Two principal passes in the following subjects: History, Geography, Kiswahili, English Language, French, Chinese, Arabic, Fine Art, Physical Education, Economics, Commerce, Accountancy, Physics, Chemistry, Biology, Advanced Mathematics, Agriculture, Computer Science or Nutrition. Those without a principal pass or a subsidiary pass in Advanced Mathematics or a pass in Basic Applied Mathematics must have a credit at O-Level.",4.0,250,3,
91,"Institute of Finance Management (IFM), Dar es Salaam",3.,Bachelor of Science in Information Technology,IF003,"Two principal passes, one in Physics, Chemistry or Advanced Mathematics and one in the following subjects Biology, Geography, Agriculture, Computer Science or Nutrition. Those without a principal pass or a subsidiary pass in Advanced Mathematics or a pass in Basic Applied Mathematics must have a credit at O-Level.",4.0,300,3,
91,"Institute of Finance Management (IFM), Dar es Salaam",4.,Bachelor of Science in Insurance and Risk Management,IF004,"Two principal passes in the following subjects: History, Geography, Kiswahili, English Language, French, Chinese, Arabic, Fine Art, Physical Education, Economics, Commerce, Accountancy, Physics, Chemistry, Biology, Advanced Mathematics, Agriculture, Computer Science or Nutrition.",4.0,300,3,
91,"Institute of Finance Management (IFM), Dar es Salaam",5.,Bachelor of Science in Social Protection,IF005,"Two principal passes in the following subjects: History, Geography, Kiswahili, English Language, French, Chinese, Arabic, Fine Art, Physical Education, Economics, Commerce, Accountancy, Physics, Chemistry, Biology, Advanced Mathematics, Agriculture, Computer Science or Nutrition.",4.0,300,3,
92,"Institute of Finance Management (IFM), Dar es Salaam",6.,Bachelor of Science in Tax Management,IF006,"Two principal passes in the following subjects: History, Geography, Kiswahili, English Language, French, Chinese, Arabic, Fine Art, Physical Education, Economics, Commerce, Accountancy, Physics, Chemistry, Biology, Advanced Mathematics, Agriculture, Computer Science or Nutrition. Those without a principal pass or a subsidiary pass in Advanced Mathematics or a pass in Basic Applied Mathematics must have a credit at O-Level.",4.0,350,3,
92,"Institute of Finance Management (IFM), Dar es Salaam",7.,Bachelor of Science in Computer Science,IF007,"Two principal passes in Physics, Computer Science and Advanced Mathematics.",4.0,350,3,
92,"Institute of Finance Management (IFM), Dar es Salaam",8.,Bachelor of Science in Actuarial Sciences,IF008,"Two principal passes in Advanced Mathematics and one of the following subjects: Physics, Chemistry, Biology, Geography, Economics, Physical Education, Agriculture, Computer Science or Nutrition. Those without a principal pass in Advanced Mathematics must have a “B” grade at O-Level in Basic Mathematics.",4.0,35,3,
93,"Institute of Finance Management (IFM), Dar es Salaam",9.,Bachelor of Economics and Finance,IF009,"Two principal passes in the following subjects: History, Geography, Kiswahili, English Language, French, Chinese, Arabic, Fine Art, Physical Education, Economics, Commerce, Accountancy, Physics, Chemistry, Biology, Advanced Mathematics, Agriculture, Computer Science or Nutrition. Those without a principal pass or a subsidiary pass in Advanced Mathematics or Basic Applied Mathematics or Accountancy or Economics must have a minimum of “C” grade in Mathematics at O-Level Mathematics or Commerce.",4.0,150,3,
93,"Institute of Finance Management (IFM), Dar es Salaam",10.,Bachelor of Accounting with Information Technology,IF010,"Two principal passes in the following subjects: History, Geography, Kiswahili, English Language, French, Chinese, Arabic, Fine Art, Physical Education, Economics, Commerce, Accountancy, Physics, Chemistry, Biology, Advanced Mathematics, Agriculture, Computer Science or Nutrition. Those without a principal pass or a subsidiary pass in Advanced Mathematics or a pass in Basic Applied Mathematics must have a credit at O-Level.",4.0,300,3,
94,"Institute of Finance Management (IFM), Dar es Salaam",11.,Bachelor in Cyber Security,IF011,"Two principal passes in the following subjects Physics, Computer Science and Advanced Mathematics.",4.0,50,3,
94,"Institute of Finance Management (IFM), Dar es Salaam",12.,Bachelor of Computer Network Systems,IF012,"Two principal passes in Physics, Computer Science and Advanced Mathematics.",4.0,100,3,
94,"Institute of Finance Management (IFM), Dar es Salaam",13.,Bachelor of Applied Data Analytics,IF013,"Two principal passes in the following subjects: Advanced Mathematics, Physics, Chemistry, Biology, Accountancy, Agriculture, Geography, Computers, Economics, Commerce, Business Studies, Education, Food & Nutrition and Computer Science. If one of the principal passes is not in Advanced Mathematics, a subsidiary pass in Basic Applied Mathematics or a minimum of “D"" grade in Mathematics at O-Level is required.",4.0,100,3,
95,"Institute of Finance Management (IFM), Dodoma",1.,Bachelor of Accounting,IFD01,"Two principal passes in the following subjects: History, Geography, Kiswahili, English Language, French, Arabic, Fine Art, Economics, Commerce, Accountancy, Physics, Chemistry, Biology, Advanced Mathematics, Agriculture, Computer Science or Nutrition. Those without a principal pass or a subsidiary pass in Advanced Mathematics or a pass in Basic Applied Mathematics must have a minimum of “C” grade in Mathematics at O-Level.",4.0,34,3,
95,"Institute of Finance Management (IFM), Dodoma",2.,Bachelor of Banking and Finance,IFD02,"Two principal passes in the following subjects: History, Geography, Kiswahili, English Language, French, Arabic, Fine Art, Economics, Commerce, Accountancy, Physics, Chemistry, Biology, Advanced Mathematics, Agriculture, Computer Science or Nutrition. Those without a principal pass or a subsidiary pass in Advanced Mathematics or a pass in Basic Applied Mathematics must have a minimum of “C” grade in Mathematics at O-Level.",4.0,34,3,
96,"Institute of Finance Management (IFM), Mwanza",1.,Bachelor of Accounting,IFM01,"Two principal passes in the following subjects: History, Geography, Kiswahili, English Language, French, Arabic, Fine Art, Economics, Commerce, Accountancy, Physics, Chemistry, Biology, Advanced Mathematics, Agriculture, Computer Science or Nutrition. Those without a principal pass or a subsidiary pass in Advanced Mathematics or a pass in Basic Applied Mathematics must have a minimum of “C” grade in Mathematics at O-Level.",4.0,50,3,
96,"Institute of Finance Management (IFM), Mwanza",2.,Bachelor of Banking and Finance,IFM02,"Two principal passes in the following subjects: History, Geography, Kiswahili, English Language, French, Arabic, Fine Art, Economics, Commerce, Accountancy, Physics, Chemistry, Biology, Advanced Mathematics, Agriculture, Computer Science or Nutrition. Those without a principal pass or a subsidiary pass in Advanced Mathematics or a pass in Basic Applied Mathematics must have a minimum of “C” grade in Mathematics at O-Level.",4.0,50,3,
96,"Institute of Finance Management (IFM), Mwanza",3.,Bachelor of Science in Insurance and Risk Management,IFM03,"Two principal passes in the following subjects: History, Geography, Kiswahili, English Language, French, Arabic, Fine Art, Economics, Commerce, Accountancy, Physics, Chemistry, Biology, Advanced Mathematics, Agriculture, Computer Science or Nutrition.",4.0,100,3,
97,"Institute of Finance Management (IFM), Mwanza",4,Bachelor of Science in Economics and Finance,IFM04,"Two principal passes in the following subjects: History, Geography, Kiswahili, English Language, French, Chinese, Arabic, Fine Art, Physical Education, Economics, Commerce, Accountancy, Physics, Chemistry, Biology, Advanced Mathematics, Agriculture, Computer Science or Nutrition. Those without a principal pass or a subsidiary pass in Advanced Mathematics or Basic Applied Mathematics or Accountancy or Economics must have a minimum of “C” grade in Mathematics at O-Level Mathematics or Commerce.",4.0,120,3,
98,"Institute of Finance Management (IFS), Simiyu",1.,Bachelor of Accounting,IFS01,"Two principal passes in the following subjects: History, Geography, Kiswahili, English Language, French, Arabic, Fine Art, Economics, Commerce, Accountancy, Physics, Chemistry, Biology, Advanced Mathematics, Agriculture, Computer Science or Nutrition. Those without a principal pass or a subsidiary pass in Advanced Mathematics or a pass in Basic Applied Mathematics must have a minimum of “C” grade in Mathematics at O-Level.",4.0,100,3,
98,"Institute of Finance Management (IFS), Simiyu",2.,Bachelor of Banking and Finance,IFS02,"Two principal passes in the following subjects: History, Geography, Kiswahili, English Language, French, Arabic, Fine Art, Economics, Commerce, Accountancy, Physics, Chemistry, Biology, Advanced Mathematics, Agriculture, Computer Science or Nutrition. Those without a principal pass or a subsidiary pass in Advanced Mathematics or a pass in Basic Applied Mathematics must have a minimum of “C” grade in Mathematics at O-Level.",4.0,100,3,
99,"Institute of Public Administration (IPA), Zanzibar",1.,Bachelor Degree in International Relations and Diplomacy,IPA01,"Two Principal Passes in the following subjects: History, Geography, Kiswahili, English Language, Literature in English, French, Arabic, Fine Arts, Economics, Commerce, Accountancy, Physics, Chemistry, Biology, Advanced Mathematics, Agriculture, Computer Science or Nutrition.",4.0,40,3,
99,"Institute of Public Administration (IPA), Zanzibar",2.,Bachelor Degree in Human Resource Management,IPA02,"Two Principal Passes in the following subjects: History, Geography, Kiswahili, English Language, Literature in English, French, Arabic, Fine Arts, Economics, Commerce, Accountancy, Physics, Chemistry, Biology, Advanced Mathematics, Agriculture, Computer Science or Nutrition.",4.0,40,3,
99,"Institute of Public Administration (IPA), Zanzibar",3.,Bachelor Degree in Records and Achieves Management,IPA03,"Two Principal Passes in the following subjects: History, Geography, Kiswahili, English Language, Literature in English, French, Arabic, Fine Arts, Economics, Commerce, Accountancy, Physics, Chemistry, Biology, Advanced Mathematics, Agriculture, Computer Science or Nutrition.",4.0,40,3,
100,"Institute of Public Administration (IPA), Zanzibar",4.,Bachelor Degree in Development Planning,IPA04,"Two Principal Passes in the following subjects: History, Geography, Kiswahili, English Language, Literature in English, French, Arabic, Fine Arts, Economics, Commerce, Accountancy, Physics, Chemistry, Biology, Advanced Mathematics, Agriculture, Computer Science or Nutrition.",4.0,40,3,
101,"Institute of Rural Development Planning (IRDP), Dodoma",1.,Bachelor Degree in Development Finance and Investment Planning,RD001,"Two principal passes in the following subjects: Economics, Geography, History, Commerce, Accounting, Advanced Mathematics, Nutrition, Agriculture, Biology, English Language, Literature, Physics, Chemistry, French, Arabic, Fine Arts, Computer Science, Physical Education, Accountancy.",4.0,300,3,
101,"Institute of Rural Development Planning (IRDP), Dodoma",2.,Bachelor Degree in Environmental Planning and Management,RD002,"Two principal passes in the following subjects: Economics, Geography, History, Commerce, Accounting, Advanced Mathematics, Nutrition, Agriculture, Biology, English Language, Kiswahili, Literature, Physics, Chemistry, French, Arabic, Fine Arts, Computer Science, Physical Education, Accountancy",4.0,200,3,
101,"Institute of Rural Development Planning (IRDP), Dodoma",3.,Bachelor Degree in Population and Development Planning Development Planning,RD003,"Two principal passes in the following subjects: Economics, Geography, History, Commerce, Accounting, Advanced Mathematics, Nutrition, Agriculture, Biology, English Language, Kiswahili, Literature, Physics, Chemistry, French, Arabic, Fine Arts, Computer Science, Physical Education, Accountancy.",4.0,200,3,
101,"Institute of Rural Development Planning (IRDP), Dodoma",4.,Bachelor Degree in Regional Development Planning,RD004,"Two principal passes in the following subjects: Economics, Geography, History, Commerce, Accounting, Advanced Mathematics, Nutrition, Agriculture, Biology, English Language, Kiswahili, Literature, Physics, Chemistry, French, Arabic, Fine Arts, Computer Science, Physical Education, Accountancy.",4.0,100,3,
102,"Institute of Rural Development Planning (IRDP), Dodoma",5.,Bachelor Degree in Human Resource Management,RD005,"Two principal passes in the following subjects: Economics, Geography, History, Commerce, Accounting, Advanced Mathematics, Nutrition, Agriculture, Biology, English Language, Kiswahili, Literature, Physics, Chemistry, French, Arabic, Fine Arts, Computer Science, Physical Education, Accountancy.",4.0,100,3,
102,"Institute of Rural Development Planning (IRDP), Dodoma",6.,Bachelor Degree in Urban Development and Environmental Management,RD006,"Two principal passes in the following subjects: Geography, Biology, Agriculture, Chemistry, Physics, History, Kiswahili, Accountancy, Commerce, English, Advanced Mathematics or Economics, Mathematics, Computer science, Chines, Physical Education, Nutrition, French, Fine art",4.0,200,4,
102,"Institute of Rural Development Planning (IRDP), Dodoma",7.,Bachelor Degree in Economics,RD007,"Two principal passes in the following subjects: Economics, Geography, History, Commerce, Accounting, Advanced Mathematics, Nutrition, Agriculture, Biology, English Language, Kiswahili, Literature, Physics, Chemistry, French, Arabic, Fine Arts, Computer Science, Physical Education, Accountancy.",4.0,200,3,
103,"Institute of Rural Development Planning (IRDP), Dodoma",8.,Bachelor Degree in Community Development,RD008,"Two principal passes in the following subjects: Economics, Geography, History, Commerce, Accounting, Advanced Mathematics, Nutrition, Agriculture, Biology, English Language, Kiswahili, Literature, Physics, Chemistry, French, Arabic, Fine Arts, Computer Science, Physical Education, Accountancy.",4.0,350,3,
103,"Institute of Rural Development Planning (IRDP), Dodoma",9.,Bachelor Degree in Business Administration,RD009,"Two principal passes in the following subjects: Economics, Geography, History, Commerce, Accounting, Advanced Mathematics, Nutrition, Agriculture, Biology, English Language, Kiswahili, Literature, Physics, Chemistry, French, Arabic, Fine Arts, Computer Science, Physical Education, Accountancy.",4.0,200,3,
103,"Institute of Rural Development Planning (IRDP), Dodoma",10.,Bachelor Degree in Project Planning and Management,RD010,"Two principal passes in the following subjects: Economics, Geography, History, Commerce, Accounting, Advanced Mathematics, Nutrition, Agriculture, Biology, English Language, Kiswahili, Literature, Physics, Chemistry, French, Arabic, Fine Arts, Computer Science, Physical Education, Accountancy",4.0,300,3,
104,"Institute of Rural Development Planning (IRDP), Dodoma",11.,Bachelor Degree in Local Government Administration and Management,RD011,"Two principal passes in the following subjects: Economics, Commerce, Geography, History, Kiswahili, Nutrition, French, Agriculture, Biology, English Language, Literature Kiswahili, Physics, Chemistry, Arabic, Fine Arts, Computer Sciences, Chinese, Physical Education or Advanced Mathematics.",4.0,200,3,
104,"Institute of Rural Development Planning (IRDP), Dodoma",12.,Bachelor Degree in Urban and Regional Planning,RD012,"Two principal passes in the following subjects: Economics, Geography, History, Commerce, Advanced Mathematics, Kiswahili, Nutrition, Agriculture, Biology, English Language, Literature, Physics, Chemistry, Accountancy, Computer Science or Fine Arts.",4.0,200,4,
104,"Institute of Rural Development Planning (IRDP), Dodoma",13.,Bachelor Degree in Land Management and Valuation,RD013,"Two Principal level passes in any of the following subjects: Geography, Economics, Advanced Mathematics, History, English Literature, Commerce, Accountancy, Physics, Biology, Computer Science or Chemistry. In addition, an applicant must have at least a subsidiary level pass in Advanced Mathematics or Basic Applied Mathematics at A- level or a minimum of “C” grade in Basic Mathematics and a minimum of ‘D’ grade in English Language at O-Level",4.0,4,100,
105,"Institute of Rural Development Planning (IRDP), Dodoma",14.,Bachelor Degree in Statistics,RD014,"Two principal passes in the following subjects: Advanced Mathematics, Economics, Geography, History, Commerce, Accountancy, Physics, Chemistry or Biology. If one of the principal passes is not in Advanced Mathematics an applicant must have at least a subsidiary pass in Advanced Mathematics or Basic Applied Mathematics or a minimum of “C” grade in Basic Mathematics at O-Level.",4.0,100,3,
105,"Institute of Rural Development Planning (IRDP), Dodoma",15.,Bachelor Degree in Information Technology,RD015,"Two Principal passes in the following subjects: Advanced Mathematics, Physics, Geography, Biology, Chemistry and Economics.",4.0,100,3,
105,"Institute of Rural Development Planning (IRDP), Dodoma",16.,Bachelor Degree in Accounting and Finance,RD017,"Two principal passes in the following subjects: History, Geography, Economics, Commerce, Accountancy, Physics, Chemistry, Biology or Advanced Mathematics. If one of the principals is not Advanced Mathematics an applicant must have a subsidiary pass in Advanced Mathematics/Basic Applied Mathematics at A-Level or a “D” grade in Basic Mathematics at O-Level.",4.0,100,3,
105,"Institute of Rural Development Planning (IRDP), Dodoma",17.,Bachelor Degree in Development and Policy Analysis,RD018,"Two Principal passes in Economics, Commerce, Geography, History, Agriculture, English, Kiswahili or Advanced Mathematics.",4.0,100,3,
106,"Institute of Rural Development Planning (IRDP), Mwanza",1.,Bachelor Degree in Regional Development Planning,RDM01,"Two principal passes in the following subjects: Economics, Geography, History, Commerce, Accounting, Advanced Mathematics, Kiswahili, Nutrition, French, Agriculture, Biology, English Language, Literature, Physics or Chemistry.",4.0,100,3,
106,"Institute of Rural Development Planning (IRDP), Mwanza",2.,Bachelor Degree in Economics,RDM02,"Two principal passes in the following subjects: Economics, Geography, History, Commerce, Accounting, Advanced Mathematics, Kiswahili, Nutrition, Agriculture, Biology, English Language, Physics or Chemistry. In addition, an applicant must have a minimum of “D” grade in Mathematics at O- Level.",4.0,200,3,
106,"Institute of Rural Development Planning (IRDP), Mwanza",3.,Bachelor Degree in Project Planning and Management,RDM03,"Two principal passes in the following subjects: Economics, Geography, History, Commerce, Accountancy, Advanced Mathematics, Kiswahili, Nutrition, French, Agriculture, Biology, English Language, Literature, Physics or Chemistry.",4.0,100,3,
107,"Institute of Rural Development Planning (IRDP), Mwanza",4.,Bachelor Degree in Community Development,RDM04,"Two principal passes in the following subjects: Economics, Commerce, Geography, History, Agriculture, English, Kiswahili, Physics, Chemistry, Biology, Nutrition, or Advanced Mathematics.",4.0,100,3,
108,"Institute of Social Work (ISW), Dar es Salaam",1.,Bachelor Degree in Labour Relations and Public Management,SW001,"Two principal passes in the following subjects: History, Geography, Kiswahili, English Language, French, Arabic, Fine Arts, Economics, Commerce, Accountancy, Physics, Chemistry, Biology, Advanced Mathematics, Agriculture, Computer Science or Nutrition.",4.0,150,3,
108,"Institute of Social Work (ISW), Dar es Salaam",2.,Bachelor Degree in Social Work,SW003,"Two principal passes in the following subjects: History, Geography, Kiswahili, English Language, French, Arabic, Fine Arts, Economics, Commerce, Accountancy, Physics, Chemistry, Biology, Advanced Mathematics, Agriculture, Computer Science or Nutrition",4.0,150,3,
108,"Institute of Social Work (ISW), Dar es Salaam",3.,Bachelor Degree in Human Resource Management,SW005,"Two principal passes in the following subjects: History, Geography, Kiswahili, English Language, French, Arabic, Fine Arts, Economics, Commerce, Accountancy, Physics, Chemistry, Biology, Advanced Mathematics, Agriculture, Computer Science or Nutrition.",4.0,150,3,
108,"Institute of Social Work (ISW), Dar es Salaam",4.,Bachelor of Business Administration,SW008,"Two principal passes in the following subjects: History, Geography, Kiswahili, English Language, French, Arabic, Fine Arts, Economics, Commerce, Accountancy, Physics, Chemistry, Biology, Advanced Mathematics, Agriculture, Computer Science or Nutrition.",4.0,150,3,
109,"Institute of Social Work (ISW), Dar es Salaam",5.,Bachelor Degree in Alternative Dispute Resolution,SW009,"Two principal passes in the following subjects: History, Geography, Kiswahili, English Language, French, Arabic, Fine Arts, Economics, Commerce, Accountancy, Physics, Chemistry, Biology, Advanced Mathematics, Agriculture, Computer Science or Nutrition.",4.0,75,3,
109,"Institute of Social Work (ISW), Dar es Salaam",6.,Bachelor Degree in Community Work with Children and Youth,SW010,"Two principal passes in the following subjects: History, Geography, Kiswahili, English Language, French, Arabic, Fine Arts, Economics, Commerce, Accountancy, Physics, Chemistry, Biology, Advanced Mathematics, Agriculture, Computer Science or Nutrition.",4.0,75,3,
109,"Institute of Social Work (ISW), Dar es Salaam",7.,Bachelor Degree in Marketing and Entrepreneurship,SW011,"Two principal passes in the following subjects: History, Geography, Kiswahili, English Language, French, Arabic, Fine Arts, Economics, Commerce, Accountancy, Physics, Chemistry, Biology, Advanced Mathematics, Agriculture, Computer Science or Nutrition.",4.0,75,3,
110,"Institute of Social Work (ISW) Kisangara Campus, Kilimanjaro",1.,Bachelor Degree in Social Work,SWK01,"Two principal passes in the following subjects: History, Geography, Kiswahili, English Language, French, Arabic, Fine Arts, Economics, Commerce, Accountancy, Physics, Chemistry, Biology, Advanced Mathematics, Agriculture, Computer Science or Nutrition.",4.0,60,3,
111,"Institute of Tax Administration (ITA), Dar es Salaam",1.,Bachelor Degree in Customs and Tax Management,IT001,"Two principal passes in the following subjects: Accountancy, Commerce, Economics, Advanced Mathematics, Chemistry, Physics, Biology, Geography, History, or English. In addition, an applicant must have a minimum of “D” grade in English and Mathematics at O-Level.",4.0,150,3,
112,"Jordan University College (JUCo), Morogoro",1.,Bachelor of Arts with Education,JC001,"Two Principal passes in the following subjects: Kiswahili, Geography, History, English Language, Economics or Advanced Mathematics.",4.0,500,3,
112,"Jordan University College (JUCo), Morogoro",2.,Bachelor of Arts in Sociology,JC002,"Two Principal passes in the following subjects: History, Geography, Kiswahili, English Language, French, Arabic, Fine Arts, Economics, Commerce, Accountancy, Physics, Chemistry, Biology, Advanced Mathematics, Agriculture, Computer Science or Nutrition.",4.0,100,3,
112,"Jordan University College (JUCo), Morogoro",3.,Bachelor of Arts in Philosophy,JC003,"Two Principal passes in the following subjects: History, Geography, Kiswahili, English Language, French, Arabic, Fine Arts, Economics, Commerce, Accountancy, Physics, Chemistry, Biology, Advanced Mathematics, Agriculture, Computer Science or Nutrition.",4.0,150,3,
112,"Jordan University College (JUCo), Morogoro",4.,Bachelor of Arts in Theology,JC004,"Two Principal passes in the following subjects: History, Geography, Kiswahili, English Language, French, Arabic, Fine Arts, Economics, Commerce, Accountancy, Physics, Chemistry, Biology, Advanced Mathematics, Agriculture, Computer Science or Nutrition OR Foundation Certificate of the OUT with a minimum GPA of 3.0",4.0,50,3,
113,"Jordan University College (JUCo), Morogoro",5.,Bachelor of Arts in Education with Religeous Studies,JC006,"Two Principal passes in the following subjects: History, Geography, Kiswahili, English Language, French, Arabic, Fine Arts, Economics, Commerce, Accountancy, Physics, Chemistry, Biology, Advanced Mathematics, Agriculture, Computer Science or Nutrition.",4.0,50,3,
113,"Jordan University College (JUCo), Morogoro",6.,Bachelor of Business Administration,JC007,"Two Principal passes in the following subjects: History, Geography, Kiswahili, English Language, French, Arabic, Fine Arts, Economics, Commerce, Accountancy, Physics, Chemistry, Biology, Advanced Mathematics, Agriculture, Computer Science or Nutrition. If one of the principal passes do not include Advanced Mathematics an applicant must have a subsidiary pass in Advanced Mathematics at A Level, or a minimum of “D” grade in Mathematics at O –Level.",4.0,100,3,
114,"Jordan University College (JUCo), Morogoro",7.,Bachelor of Arts in Economics,JC008,"Two Principal passes in Economics and either History, Geography, Accountancy, Commerce, Advanced Mathematics or Physics or Chemistry.",4.0,100,3,
114,"Jordan University College (JUCo), Morogoro",8.,Bachelor of Laws,JC009,"Two Principal passes in the following subjects: History, Geography, Kiswahili, English Language, French, Arabic, Fine Arts, Economics, Commerce, Accountancy, Physics, Chemistry, Biology, Advanced Mathematics, Agriculture, Computer Science or Nutrition. If the principal passes do not include English or History an applicant must have a minimum of “D” grade in English or History at O-Level.",4.0,200,4,
114,"Jordan University College (JUCo), Morogoro",9.,Bachelor of Science in Psychology and Counselling,JC010,"Two Principal passes in the following subjects: History, Kiswahili, English Language, Geography, French, Arabic, Fine Arts, Economics, Commerce, Accountancy, Physics, Chemistry, Biology, Advanced Mathematics, Agriculture, Computer Science or Nutrition. If the principal passes do not include Biology an applicant must have a subsidiary pass in Biology at A Level or a minimum of a “D” grade in Biology at O-Level.",4.0,150,3,
115,"Jordan University College (JUCo), Morogoro",10.,Bachelor of Accounting and Finance,JC011,"Two principal passes in the following subjects: History, Geography, Kiswahili, English Language, Literature in English, French, Arabic, Fine Arts, Economics, Commerce, Accountancy, Physics, Chemistry, Biology, Advanced Mathematics, Agriculture, Computer Science or Nutrition. If one of the Passes do not include Advanced Mathematics, an applicant must have a minimum of a “D” grade in a pass in Basic Mathematics, or Commerce or Book-keeping at O level is required.",4.0,100,3,
115,"Jordan University College (JUCo), Morogoro",11.,"Bachelor of Arts in Library, Records and Information Management",JC012,"Two Principal passes in the following subjects: History, Geography, Kiswahili, English Language, French, Arabic, Fine Arts, Economics, Commerce, Accountancy, Physics, Chemistry, Biology, Advanced Mathematics, Agriculture, Computer Science or Nutrition.",4.0,100,3,
115,"Jordan University College (JUCo), Morogoro",12.,Bachelor of Science in Computer Science,JC013,"Two principal passes in the following subjects: Physics, Chemistry, Biology, Computer Studies, Agriculture, Geography or Advanced Mathematics.",4.0,200,3,
116,"Kampala International University in Tanzania (KIUT), Dar es Salaam",1.,Bachelor of Computer Science,KUC01,"Physics, Chemistry, Biology, Computer Studies, Agriculture, Geography or Advanced Mathematics",4.0,125,3,
116,"Kampala International University in Tanzania (KIUT), Dar es Salaam",2.,Bachelor of Information Technology,KUC02,"Two principal passes in the following subjects: History, Geography, Kiswahili, English Language, French, Arabic, Fine Arts, Economics, Commerce, Accountancy, Physics, Chemistry, Biology, Advanced Mathematics, Agriculture, Computer Science or Nutrition.",4.0,150,3,
116,"Kampala International University in Tanzania (KIUT), Dar es Salaam",3.,Bachelor of Business Administration (Accounting),KUC03,"Two principal passes in the following subjects: History, Geography, Kiswahili, English Language, French, Arabic, Fine Arts, Economics, Commerce, Accountancy, Physics, Chemistry, Biology, Advanced Mathematics, Agriculture, Computer Science or Nutrition.",4.0,125,3,
116,"Kampala International University in Tanzania (KIUT), Dar es Salaam",4.,Bachelor of Laws,KUC05,"Two principal passes in the following subjects: History, Geography, Kiswahili, English Language, French, Arabic, Fine Arts, Economics, Commerce, Accountancy, Physics, Chemistry, Biology, Advanced Mathematics, Agriculture, Computer Science or Nutrition. If one of the principal passes is not in English and History at A-Level, an applicant must have a minimum of “D” grade in English and History at O-Level.",4.0,150,3,
117,"Kampala International University in Tanzania (KIUT), Dar es Salaam",5.,Bachelor of Arts with Education,KUC06,"Two principal passes in the following subjects: Kiswahili, History, Geography or English.",4.0,150,3,
117,"Kampala International University in Tanzania (KIUT), Dar es Salaam",6.,Bachelor of Public Administration,KUC07,"Two principal passes in the following subjects: History, Geography, Kiswahili, English Language, French, Arabic, Fine Arts, Economics, Commerce, Accountancy, Physics, Chemistry, Biology, Advanced Mathematics, Agriculture, Computer Science or Nutrition.",4.0,200,3,
117,"Kampala International University in Tanzania (KIUT), Dar es Salaam",7.,Bachelor of Social Work and Social Administration,KUC09,"Two principal passes in the following subjects: History, Geography, Kiswahili, English Language, French, Arabic, Fine Arts, Economics, Commerce, Accountancy, Physics, Chemistry, Biology, Advanced Mathematics, Agriculture, Computer Science or Nutrition.",4.0,100,3,
117,"Kampala International University in Tanzania (KIUT), Dar es Salaam",8.,Bachelor of Business Administration (Human Resources Management) Bachelor of Business Administration (Marketing Management),KUC011 KUC012,"Two principal passes in the following subjects: History, Geography, Kiswahili, English Language, French, Arabic, Fine Arts, Economics, Commerce, Accountancy, Physics, Chemistry, Biology, Advanced Mathematics, Agriculture, Computer Science or Nutrition. Two principal passes in the following subjects: History, Geography, Kiswahili, English Language, French, Arabic, Fine Arts, Economics, Commerce, Accountancy, Physics, Chemistry, Biology, Advanced Mathematics, Agriculture, Computer Science or Nutrition.",4.0 4.0,150 150,3 3,
118,"Kampala International University in Tanzania (KIUT), Dar es Salaam",11.,Bachelor of Business Administration (Procurement),KUC13,"Two principal passes in the following subjects: History, Geography, Kiswahili, English Language, French, Arabic, Fine Arts, Economics, Commerce, Accountancy, Physics, Chemistry, Biology, Advanced Mathematics, Agriculture, Computer Science or Nutrition.",4.0,180,3,
118,"Kampala International University in Tanzania (KIUT), Dar es Salaam",12.,Bachelor of Business Administration (Commerce),KUC14,"Two principal passes in the following subjects: History, Geography, Kiswahili, English Language, French, Arabic, Fine Arts, Economics, Commerce, Accountancy, Physics, Chemistry, Biology, Advanced Mathematics, Agriculture, Computer Science or Nutrition.",4.0,100,3,
118,"Kampala International University in Tanzania (KIUT), Dar es Salaam",13.,Bachelor of Science with Education,KUC18,"Two principal passes in the following subjects: Biology, Chemistry and Advanced Mathematics",4.0,40,3,
119,"Kairuki University (KU), Dar es Salaam",1.,Doctor of Medicine,KU001,"Three principal passes in Physics, Chemistry and Biology with a minimum of 6 points: A minimum of D grade in Chemistry, Biology and Physics.",6.0,123,5,
121,"Karume Institute of Science and Technology (KIST), Zanzibar",1.,Bachelor of Engineering in Aircraft Maintenance,KIS01,"Two principal passes in Advanced Mathematics and Physics. Applicants without a principal pass in Chemistry must have at least a subsidiary pass in Chemistry at A-Level or a credit pass in Chemistry at O- Level. In addition, an applicant must have a credit in Physics or Mathematics at O-Level.",4.0,25,4,
121,"Karume Institute of Science and Technology (KIST), Zanzibar",2.,Bachelor of Civil Engineering,KIS03,Two principal passes in Physics and Advanced Mathematics.,4.0,25,4,
121,"Karume Institute of Science and Technology (KIST), Zanzibar",3.,Bachelor of Electrical and Electronics Engineering,KIS04,Two principal passes in Physics and Advanced Mathematics.,4.0,25,4,
121,"Karume Institute of Science and Technology (KIST), Zanzibar",4.,Bachelor of Telecommunication and Networking Engineering,KIS05,Two principal passes in Physics and Advanced Mathematics.,4.0,25,4,
122,"KCMC University, Kilimanjaro",1.,Bachelor of Science in Health Laboratory,KC001,"Three principal passes in Physics, Chemistry and Biology with a minimum of 6 points: A minimum of C grade in Chemistry and D grade in Biology and at least E grade in Physics.",6.0,96,3,
122,"KCMC University, Kilimanjaro",2.,Bachelor of Science in Physiotherapy,KC002,"Three principal passes in Physics, Chemistry and Biology with a minimum of 6 points: A minimum of C grade in Chemistry and D grade in Biology and at least E grade in Physics.",6.0,50,4,
122,"KCMC University, Kilimanjaro",3.,Bachelor of Science in Prosthetics and Orthotics,KC003,Three principal passes of at least a “C” grade in Chemistry “D” grade in Biology and “E” grade in Physics/Mathematics and a minimum point aggregate of 6.,6.0,20,4,
122,"KCMC University, Kilimanjaro",4.,Doctor of Medicine,KC004,"Three principal passes in Physics, Chemistry and Biology with a minimum of 6 points: A minimum of D grade in Chemistry, Biology and Physics.",6.0,200,5,
122,"KCMC University, Kilimanjaro",5.,Bachelor of Science in Nursing,KC005,"Three principal passes in Chemistry, Biology and either Physics or Mathematics or Nutrition with a minimum of 6 points; i.e., an applicant must have at least C grade in Chemistry and at least D grade in Biology and E grade in Physics or Mathematics or Nutrition.",6.0,43,4,
123,"KCMC University, Kilimanjaro",6.,Bachelor of Science in Occupational Therapy,KC006,"Three principal passes in Physics, Chemistry and Biology with a minimum of 6 points: A minimum of C grade in Chemistry and D grade in Biology and at least E grade in either Physics or Mathematics or Geography or Nutrition.",6.0,10,4,
124,"Kizumbi Institute of Co-operative and Business Education (KICoB), Shinyanga",1.,Bachelor of Accounting with Cooperative Management,KIC01,"Two principal passes in the following subjects: Accountancy, Commerce, Economics, Mathematics, Geography, Physics, Biology, and Chemistry.",4.0,150,3,
124,"Kizumbi Institute of Co-operative and Business Education (KICoB), Shinyanga",2.,Bachelor of Business Administration with Information Systems,KIC02,"Two principal passes in the following subjects; Accountancy, Economics, Advanced Mathematics, Agriculture, Commerce, Computer Science, Business Studies, Geography, Biology, Chemistry, Physics and Computer Science.",4.0,80,3,
125,"Local Government Training Institute (LGTI), Dodoma",1.,Bachelor Degree in Local Government Administration and Management,LGT01,"Two principal passes in the following subjects: Biology, Chemistry, Physics, Geography, Agriculture, Nutrition, Advanced Mathematics, Commerce, Economics, History, Accountancy, English Language or Kiswahili.",4.0,100,3,
125,"Local Government Training Institute (LGTI), Dodoma",2.,Bachelor of Community Development,LGT02,"Two principal passes in the following subjects: Biology, Chemistry, Physics, Geography, Agriculture, Nutrition, Advanced Mathematics, Commerce, Economics, History, Accountancy, English Language or Kiswahili.",4.0,100,3,
125,"Local Government Training Institute (LGTI), Dodoma",3.,Bachelor Degree in Human Resource Management,LGT03,"Two Principal passes in Biology, Chemistry, Physics, Geography, Agriculture, Nutrition, Mathematics, Environment, Tourism, Commerce, Economics, History, English Language or Kiswahili.",4.0,100,3,
125,"Local Government Training Institute (LGTI), Dodoma",4.,Bachelor Degree in Accounting and Finance,LGT04,"Two Principal Passes in The Following Subjects: Accountancy, Commerce, Economics, Advanced Mathematics, Computer Science, Biology, Chemistry, Physics, Geography, Agriculture, Nutrition, History, English Language, Kiswahili, French, Chinese and Arabic.",4.0,100,3,
126,"Marian University College (MARUCo), Bagamoyo",1.,Bachelor of Science in Mathematics and Statistics,MAR001,"Two principal passes one of which must be Advanced Mathematics and the other Geography, Economics, Computer Science, Physics or Chemistry.",4.0,30,3,
126,"Marian University College (MARUCo), Bagamoyo",2.,Bachelor of Science with Education,MAR009,"Two principal passes in the following subjects: Physics, Advanced Mathematics, Geography, Chemistry or Biology.",4.0,100,3,
126,"Marian University College (MARUCo), Bagamoyo",3.,Bachelor of Arts with Education,MAR010,"Two principal passes in the following subjects: History, Geography, Kiswahili, Advanced Mathematics, Economics or English.",4.0,150,3,
126,"Marian University College (MARUCo), Bagamoyo",4.,Bachelor of Arts in Economics and Applied Statistics,MAR011,"Two principal passes in the following subjects: Advanced Mathematics, Economics, Geography, History, Commerce, Accountancy, Physics, Chemistry or Biology. If one of the principal passes is not in Advanced Mathematics an applicant must have at least a subsidiary pass in Advanced Mathematics or Basic Applied Mathematics or a minimum of “D” grade in Basic Mathematics at O-Level.",4.0,40,3,
127,"Mbeya University of Science and Technology (MUST), Mbeya",1.,Bachelor of Business Administration,MB001,"Two principal passes in the following subjects: History, Geography, Kiswahili, English Language, French, Arabic, Fine Art, Economics, Commerce, Accountancy, Physics, Chemistry, Biology, Advanced Mathematics, Agriculture, Computer Science or Nutrition.",4.0,160,3,
127,"Mbeya University of Science and Technology (MUST), Mbeya",2.,Bachelor of Civil Engineering,MB002,"Two principal passes in Advanced Mathematics and Physics at a minimum of “D” grade. In addition, an applicant must have a minimum of “D” grade in Physics, Chemistry and Mathematics at O-Level.",4.0,250,4,
127,"Mbeya University of Science and Technology (MUST), Mbeya",3.,Bachelor of Technology in Architecture,MB004,"Two principal passes at least “D” grade in Advanced Mathematics and Physics or Chemistry or Geography. in addition, an applicant must have minimum pass of “D” grade in Mathematics, Physics, Chemistry/Geography at O level.",4.0,80,4,
128,"Mbeya University of Science and Technology (MUST), Mbeya",4.,Bachelor of Mechanical Engineering,MB005,"Two principal passes in Advanced Mathematics and Physics at a minimum of “D” grade. In addition, an applicant must have a minimum of “D” grade in Physics, Chemistry and Mathematics at O-Level.",4.0,100,4,
128,"Mbeya University of Science and Technology (MUST), Mbeya",5.,Bachelor of Computer Engineering and Technology,MB006,Two principal passes in Mathematics and Physics or Chemistry / Computer Science.,4.0,100,4,
128,"Mbeya University of Science and Technology (MUST), Mbeya",6.,Bachelor of Science with Education,MB007,"Two principal passes in the following subjects: Physics, Advanced Mathematics, Chemistry, Computer Science or Biology at a minimum of “D” grade.",4.0,200,3,
128,"Mbeya University of Science and Technology (MUST), Mbeya",7.,Bachelor of Laboratory Sciences and Technology,MB008,"Two principal passes in Biology and either Chemistry or Physics at a minimum of “D” grade. In addition, an applicant must have a minimum of “D” grade in Basic Mathematics, Physics, Chemistry and Biology at O-Level.",4.0,200,3,
128,"Mbeya University of Science and Technology (MUST), Mbeya",8.,Bachelor of Science in Telecommunication Engineering,MB009,Two principal passes in Advanced Mathematics and Physics at a minimum of “D” grade.,4.0,100,4,
129,"Mbeya University of Science and Technology (MUST), Mbeya",9.,Bachelor of Computer Science,MB010,"Two principal passes of Advanced Mathematics and Physics or Chemistry at a minimum of “D” grade. In addition, an applicant must have a minimum pass of “D” grade in Basic Mathematics and English at O- level.",4.0,100,3,
129,"Mbeya University of Science and Technology (MUST), Mbeya",10.,Bachelor of Science in Information and Communication Technology,MB011,"Two Principal passes in the following subjects: Advanced Mathematics, Physics, Geography, Biology, Chemistry and Economics at a minimum of “D” grade. In addition, an applicant must have a minimum pass of “D” grade in Basic Mathematics and English at O- level",4.0,150,3,
129,"Mbeya University of Science and Technology (MUST), Mbeya",11.,Bachelor of Technical Education in Electrical and Electronics Engineering,MB012,Two principal passes (D and above) of a minimum in Physics and Mathematics. Those without at least E grade in Chemistry at ‘A’ level must have credit at ‘’O’’ level,4.0,100,4,
130,"Mbeya University of Science and Technology (MUST), Mbeya",12.,Bachelor of Technical Education in Mechanical Engineering,MB013,Two principal passes (D and above) of a minimum in Physics and Mathematics. Those without at least E grade in Chemistry at ‘A’ level must have credit at ‘O’ level.,4.0,100,4,
130,"Mbeya University of Science and Technology (MUST), Mbeya",13.,Bachelor of Technical Education in Civil Engineering,MB014,Two principal passes (D and above) of a minimum in Physics and Mathematics. Those without at least E grade in Chemistry at ‘A’ level must have credit at ‘O’ level.,4.0,100,4,
130,"Mbeya University of Science and Technology (MUST), Mbeya",14.,Bachelor of Technical Education in Architectural Technology,MB015,Two principal passes of at least a “D” grade in Physics and Advanced Mathematics .,4.0,100,4,
130,"Mbeya University of Science and Technology (MUST), Mbeya",15.,Bachelor of Technology in Landscape Architecture,MB016,Two principal passes at least” D” grade in Advanced Mathematics and Physics or Chemistry or Geography.,4.0,140,4,
131,"Mbeya University of Science and Technology (MUST), Mbeya",16.,Bachelor of Engineering in Data Science,MB017,"Two principal passes of at least “D” grade in Mathematics and Physics at A-level; In addition, an applicant must have a minimum of ‘’D’’ in Mathematics, Physics and Chemistry at O level.",4.0,100,4,
131,"Mbeya University of Science and Technology (MUST), Mbeya",17.,Bachelor of Science in Food Science and Technology,MB018,"Two principal passes in Chemistry and one of the following: Biology, Physics, Nutrition, Agriculture, Advanced Mathematics or Geography at a minimum of ‘’D’’ grade. In addition, an applicant must have a minimum of ‘’D’’ grade in Physics or Chemistry, Biology and Basic Mathematics at O- level.",4.0,150,3,
131,"Mbeya University of Science and Technology (MUST), Mbeya",18.,Bachelor of Science in Natural Resources Conservation,MB019,"Two principal passes in Biology and one of the following subjects: Chemistry, Geography, Agriculture, Nutrition at a minimum of ‘’D’’ grade: In addition, an applicant must have a minimum of ‘’D’’ grade in Biology and Chemistry or Geography or Agriculture or Nutrition at O-Level.",4.0,100,3,
131,"Mbeya University of Science and Technology (MUST), Mbeya",19.,Bachelor of Agribusiness Management,MB020,"Two principal passes in the following subjects: Biology, Geography, Agriculture, Physics, Chemistry, Advanced Mathematics, Economics, History, Food and Nutrition, Commerce or Accountancy. In addition, an applicant must have a pass in four subjects at O-level, of which one must be among the following; Biology, Agriculture or Geography.",4.0,200,3,
132,"Mbeya University of Science and Technology (MUST), Mbeya",20.,Bachelor of Science in Environmental Science and Technology,MB021,"Two principal passes in the following subjects: Chemistry, Physics, Biology, Advanced Mathematics or Geography.",4.0,80,3,
132,"Mbeya University of Science and Technology (MUST), Mbeya",21.,Bachelor of Science in Biotechnology,MB022,"Two principal passes of at least ‘’D’’ grade at Advanced Level in Mathematics, Biology and Chemistry or Physics.",4.0,100,3,
132,"Mbeya University of Science and Technology (MUST), Mbeya",22.,Bachelor of Science in Chemistry,MB023,"Two principal passes in Chemistry and in one of the following subjects: Physics, Mathematics, Biology, Geography or Nutrition.",4.0,100,3,
132,"Mbeya University of Science and Technology (MUST), Mbeya",23.,Bachelor of Technical Education in Telecommunications Engineering,MB024,Two principal passes of at least “D” grade at Advanced Level in Mathematics and Physics. Those without a Principal or subsidiary level pass in Chemistry / Geography / Computer Science must have a Credit at O-Level.,4.0,120,4,
133,"Mbeya University of Science and Technology (MUST), Mbeya",24.,Bachelor of Applied Nuclear Sciences,MB025,"Two principal passes (D and above) of a minimum in Physics,Chemistry/Geography/Biology/Mathematic s/Computer.",4.0,70,3,
133,"Mbeya University of Science and Technology (MUST), Mbeya",25.,Bachelor of Science in Aquatic Sciences and Aquaculture Technologies,MB026,"Two principal passes (D and above) in Biology, and one from the following subjects:Chemistry/Geography/Agriculture/Nutriti on/Economics.",4.0,60,3,
133,"Mbeya University of Science and Technology (MUST), Mbeya",26.,Bachelor of Science in Health Informatics,MB027,Two principal passes in Biology and either Chemistry or Physics or Nutrition or Geography with a minimum of 6 points.,6.0,50,3,
133,"Mbeya University of Science and Technology (MUST), Mbeya",27.,Bachelor of Science in Urban and Regional Planning,MB028,Two principal passes at least “D” grade in Mathematics or Physics or Chemistry or Biology or Geography or Economics or Computer Science.,4.0,150,4,
133,"Mbeya University of Science and Technology (MUST), Mbeya",28.,Bachelor of Applied Informatics in Industrial Automation,MB029,"Two principal passes in Physics, Geography, Biology, Chemistry, Mathematics or Computer / Computer Science. Those without Advanced Mathematics Pass must have at least a principal pass in Basic Applied Mathematics at A-level and a minimum of grade ‘C’ in Basic Mathematics at O- Level.",4.0,100,3,
134,"Mbeya University of Science and Technology (MUST), Mbeya",29.,Bachelor of Technical Education in Computer Science,MB030,Two Principal passes in Chemistry/Advanced Mathematics/Biology/Computer Science and Physics.,4.0,100,25,
134,"Mbeya University of Science and Technology (MUST), Mbeya",30.,Bachelor of Electrical and Electronics Engineering,MB031,Two principal passes of at least “D” grade in Mathematics and Physics and at least an “E” grade in Chemistry or Geography.,4.0,100,4,
134,"Mbeya University of Science and Technology (MUST), Mbeya",31.,Bachelor of Science in Electronics and Automation Engineering,MB032,Two principal passes of at least “D” grade at Advanced Level in Mathematics and Physics. Those without a Principal or subsidiary level pass in Chemistry / Geography / Computer Science must have a Credit at O-Level.,4.0,50,4,
134,"Mbeya University of Science and Technology (MUST), Mbeya",32.,Bachelor of Engineering in Construction Technology,MB033,"Two principal passes in the following science subjects: Mathematics, Physics, Chemistry and Computer Studies.",4.0,80,4,
135,"Mbeya University of Science and Technology (MUST), Mbeya",33.,Bachelor of Science in Mechatronics Engineering,MB034,"Two passes at D or above in Mathematics and Physics. In Addition an applicant must have ‘’C’’ or above in English, Mathematics, Physics and Chemistry at O’ level.",4.0,80,4,
135,"Mbeya University of Science and Technology (MUST), Mbeya",34.,Bachelor of Science in Petroleum Storage and Transportation Engineering,MB035,Two principal passes of at least “D” grade at Advanced Level in Mathematics and Physics. Those without at least an “E” grade in Chemistry or Geography at A-Level must have a Credit at O-Level.,4.0,50,4,
135,"Mbeya University of Science and Technology (MUST), Mbeya",35.,Bachelor of Science in Electrical and Renewable Energy Technology,MB036,Two principal passes of at least “D” grade at Advanced Level in Mathematics and Physics with at least an “E” grade in Chemistry or Geography.,4.0,60,4,
135,"Mbeya University of Science and Technology (MUST), Mbeya",36.,Bachelor in Instrumentation and Control Engineering,MB037,Two principal passes of at least “D” grade at Advanced Level in Mathematics and Physics with at least an “E” grade in Chemistry or Geography.,4.0,60,4,
135,"Mbeya University of Science and Technology (MUST), Mbeya",37.,Bachelor of Science in Information and Computer Networking,MB038,"Two Principal Level passes in Physics or Mathematics or Computer Science and any other of the following subjects such as Geography, Biology, Chemistry, Accountancy, Economics and Business Studies.",4.0,80,3,
136,"Mbeya University of Science and Technology (MUST), Mbeya",38.,Bachelor of Applied Informatics in Marketing,MB039,"Two Principal passes in the following subjects: Physics, Mathematics, Geography, Biology, Chemistry, Computers Science, Bookkeeping and Commerce, Economics, Food and Human Nutrition, Agriculture, Business studies and Accountancy.",4.0,30,3,
136,"Mbeya University of Science and Technology (MUST), Mbeya",39.,Bachelor of Science in Software Engineering,MB041,"Two principal passes in Physics, Advanced Mathematics, Chemistry, Biology, Geography and Computer Science.",4.0,80,4,
136,"Mbeya University of Science and Technology (MUST), Mbeya",40.,Bachelor of Science in Food and Human Nutrition,MB042,"Two principal passes at least ‘’D’’ gade in Biology/ Chemistry/ Physics/ Advanced mathematics/ Geography/ Economics or Agriculture, Nutrition.",4.0,100,3,
136,"Mbeya University of Science and Technology (MUST), Mbeya",41.,Bachelor of Science in Crop Production and Technology,MB043,"Two principal one must be at least in Agriculture, Biology, Chemistry, Food Production, Geography or Nutrition.",4.0,100,3,
137,"Mbeya University of Science and Technology (MUST), Mbeya",42.,Bachelor of Science in Diary Technology,MB044,"Two principal passes of ‘’D’’ in Biology/ Chemistry/ Physics/ Advanced mathematics/ Geography/ Nutrition/ Economics, Food Production and or Agriculture.",4.0,60,3,
137,"Mbeya University of Science and Technology (MUST), Mbeya",43.,Bachelor of Science in Environmental Engineering,MB045,"Two principal passes of at least “D” grade in Mathematics, Physics, Chemistry or Biology. In addition, an applicant must have minimum pass of D in Mathematics, Physics and Chemistry at O level.",4.0,40,4,
137,"Mbeya University of Science and Technology (MUST), Mbeya",44.,Bachelor of Science in Environmental Health with Technology,MB046,"Three principal passes in Chemistry, Biology and either Physics or Mathematics or Nutrition or Geography or Agriculture with a minimum of 6 points; i.e. an applicant must have at least C grade in Chemistry and at least D grade in Biology and E grade in Physics or Mathematics or Nutrition or Geography or Agriculture.",6.0,30,4,
137,"Mbeya University of Science and Technology (MUST), Mbeya",45.,Bachelor of Lingustics and Media Studies,MB047,Two principal passes of at least “D” grade in two subjects including Language.,4.0,60,3,
138,Mbeya University of Science and Technology (MUST)– Rukwa Campus College,1.,Bachelor of Business Administration,MBR01,"Two principal passes in the following subjects: History, Geography, Kiswahili, English Language, French, Arabic, Fine Arts, Economics, Commerce, Accountancy, Physics, Chemistry, Biology, Advanced Mathematics, Agriculture, Computer Science or Nutrition.",4.0,60,3,
138,Mbeya University of Science and Technology (MUST)– Rukwa Campus College,2.,Bachelor of Mechanical Engineering,MBR02,"Two principal passes in Advanced Mathematics and Physics at a minimum of “D” grade. In addition, an applicant must have a minimum of “D” grade in Physics, Chemistry and Mathematics at O-Level.",4.0,40,4,
138,Mbeya University of Science and Technology (MUST)– Rukwa Campus College,3.,Bachelor of Agribusiness Management,MBR03,"Two principal passes in the following subjects: Biology, Geography, Agriculture, Physics, Chemistry, Advanced Mathematics, Economics, History, Food and Nutrition, Commerce or Accountancy. In addition, an applicant must have a pass in four subjects at O-level, of which one must be among the following; Biology, Agriculture or Geography.",4.0,100,3,
139,Mbeya University of Science and Technology – Mtwara Campus College of Technical Education (MUST – MCCTE),1.,Bachelor of Technical Education in Civil Engineering,MBM01,Two principal passes (D and above) in Physics and Mathematics or chemistry or geography.,4.0,80,4,
140,"Mkwawa University College of Education (MUCE), Iringa",1.,Bachelor of Science with Education,UDM03,"Two principal passes in the following subjects: Physics, Chemistry, Advanced Mathematics, Biology, Economics or Geography.",4.0,950,3,
140,"Mkwawa University College of Education (MUCE), Iringa",2.,Bachelor of Arts with Education,UDM04,"Two principal passes in the following subjects: History, Geography, Kiswahili, English Language, French, Arabic, Fine Arts, Economics, Accountancy or Advanced Mathematics.",5 from 3 subjects,1450,3,
141,"Mkwawa University College of Education (MUCE), Iringa",3.,Bachelor of Science in Chemistry,UDM05,Two principal passes in Chemistry and in any appropriate subjects in the A-level. In addition: The applicant should have a C grade or above in chemistry at O-level.,4.0,50,3,
141,"Mkwawa University College of Education (MUCE), Iringa",4.,Bachelor of Arts in Historic Archives and Heritage Studies,UDM06,"Two principal passes in the following subject combinations: History, Geography, Languages Kiswahili, Fasihi ya Kiswahili, English Language, Literature in English, French, Chinese, Fine Art, Theatre Arts, Music, Textile and Garment Construction, Business Economics, Commerce, Accountancy.",5 from 3 subjects,130,3,
141,"Mkwawa University College of Education (MUCE), Iringa",5.,Bachelor of Science in Data Science and Artificial Intelligence,UDM07,"Two principal passes in Physics, Chemistry, Biology, Mathematics, Geography, or Economics.",4.0,40,3,
143,"Moshi Co-operative University (MoCU), Kilimanjaro",1.,Bachelor of Community Economic Development,MC001,"Two principal passes in the following subjects: History, English Language, Swahili Language, Agriculture, Commerce, Economics, Mathematics, Geography, Physics, Biology, Chemistry, Literature in English, French, Chines, Arabic, Business Studies, Accountancy Computer Science, Food and Human Nutrition, Music, Sports, Fasihi ya Kiswahili, Theatre Arts, Fine Arts, and Textile and Garment Construction.",4.0,200,3,
143,"Moshi Co-operative University (MoCU), Kilimanjaro",2.,Bachelor of Accounting with Cooperative Management,MC002,"Two principal passes in the following subjects: Economics, Commerce, Accountancy, Advanced Mathematics, Physics, Biology, Chemistry, Computer Science, Agriculture, Geography, History, Business Studies, or Nutrition. The applicant must also have a credit pass in Mathematics at O’level.",4.0,200,3,
143,"Moshi Co-operative University (MoCU), Kilimanjaro",3.,Bachelor of Banking and Microfinance,MC003,"Two principal passes in the following subjects: Economics, Accountancy, Advanced Mathematics, Commerce, Geography, History, Physics, Biology, Chemistry, Agriculture, Computer Science, Business studies, Nutrition, English Language, Kiswahili, Arabic, Fine Arts, Chinese or French.",4.0,200,3,
145,"Moshi Co-operative University (MoCU), Kilimanjaro",8.,Bachelor of Economics,MC008,"Two principal passes in the following subjects: Economics, Accountancy, Advanced Mathematics, Commerce, Physics, Biology, Chemistry, Geography, or Agriculture.",4.0,100,3,
145,"Moshi Co-operative University (MoCU), Kilimanjaro",9.,Bachelor of Business Information and Communication Technology,MC009,"Two principal passes in the following subjects: Advanced Mathematics, Physics, Chemistry, Geography, Computer Science, Biology, Economics, Agriculture, Nutrition, or Accountancy.",4.0,200,3,
145,"Moshi Co-operative University (MoCU), Kilimanjaro",10.,Bachelor of Laws,MC010,"Two principal passes in the following subjects: History, Kiswahili, English Language, French, Chinese, Geography, or Economics.",4.0,200,3,
145,"Moshi Co-operative University (MoCU), Kilimanjaro",12.,Bachelor of Cooperative Management,MC012,"Two principal in Biology, Chemistry, Physics, Agriculture, Economics, Accountancy, Mathematics, Commerce, Geography, History, Computer Science, Business Studies, French, Kiswahili, Arabic, Chinese, Fasihi ya Kiswahili, Literature in English, Islamic knowledge, Sports, Music, Theatre arts, Fine art, Textile and garment construction, Divinity, and Food",4.0,60,3,
147,"MS Training Centre for Development Cooperation (MS-TCDC), Arusha",1.,Bachelor of Arts in Governance and Development,TCD01,"Two principal passes in the following subjects: History, Geography, Kiswahili, English language, French, Arabic, Fine art, Economics, Commerce, Accountancy, Physics, Chemistry, Biology, Advanced mathematics, Agriculture, Computer Science, or Nutrition.",4.0,15,3,
148,"Muhimbili University of Health and Allied Sciences (MUHAS), Dar es Salaam",1.,Bachelor of Pharmacy,MH001,"Three principal passes at grade ""C"" in Chemistry, Biology, and Physics or Mathematics. Preference will be given to candidates with a grade of ""B"" Chemistry, followed by Biology. Candidates with a grade of ""D"" in Physics or Mathematics may be considered, provided they have achieved a grade of ""B"" in Chemistry and/or Biology.",6.0,85,4,
148,"Muhimbili University of Health and Allied Sciences (MUHAS), Dar es Salaam",2.,Bachelor of Science in Environmental Health,MH007,"Three principal passes in Chemistry, Biology, and either Physics, Nutrition, Geography, or Agriculture with a minimum of 6 points. Candidates with a ’'C’’ grade in chemistry will be given hig priority",6.0,85,4,
148,"Muhimbili University of Health and Allied Sciences (MUHAS), Dar es Salaam",3.,Bachelor of Science in Diagnostic and Therapeutic Radiography,MH008,"Three principal passes at grade ""D"" in Physics, Biology, and Chemistry with a pass in Mathematics. Preference will be given to applicants with a grade ""C"" in Physics, followed by Biology. Candidates with an ""E"" in Physics or a pass in Mathematics may also be considered, provided an applicant has a grade of ""C"" in Biology and/or Chemistry.",6.0,35,4,
149,"Muhimbili University of Health and Allied Sciences (MUHAS), Dar es Salaam",4.,Bachelor of Science in Nursing,MH009,"Three principal passes in Physics, Chemistry and Biology with a minimum of 8 points: Whereby one must have at least C grade in Chemistry and Biology and at least D grade in Physics.",8.0,70,4,
149,"Muhimbili University of Health and Allied Sciences (MUHAS), Dar es Salaam",5.,Doctor of Dental Surgery,MH010,"Three principal passes in Physics, Chemistry, and Biology with a minimum entry point of 8 points. In addition, an applicant must have a ‘’C’’ grade in Chemistry and Biology, and at least a D grade in Physics.",6.0,65,5,
149,"Muhimbili University of Health and Allied Sciences (MUHAS), Dar es Salaam",6.,Doctor of Medicine,MH011,"Three principal passes in Physics, Chemistry and Biology with a minimum of 6 points: a minimum of D grade in Chemistry, Biology and Physics.",6.0,210,5,
149,"Muhimbili University of Health and Allied Sciences (MUHAS), Dar es Salaam",7.,Bachelor of Engineering in Biomedical Engineering,MH014,"Three principal passes at C grade in Mathematics and Physics, and ‘’D’’ in Chemistry with C grade or above in Biology at O-Level.",8.0,35,4,
149,"Muhimbili University of Health and Allied Sciences (MUHAS), Dar es Salaam",8.,Bachelor of Science in Physiotherapy,MH016,"Three principal passes with at least ‘’D’’ grade in Physics, Chemistry and Biology with a minimum of 6 points.",6.0,35,4,
151,"Muslim University of Morogoro (MUM), Morogoro",1.,Bachelor of Arts with Education,MUM01,"Two principal passes in the following subjects: English, Advanced Mathematics, Kiswahili, Arabic, History, Geography or Economics.",4.0,910,3,
151,"Muslim University of Morogoro (MUM), Morogoro",2.,Bachelor of Science with Education,MUM02,"Two principal passes in Chemistry, Advanced Mathematics, Physics, Biology or Geography.",4.0,130,3,
151,"Muslim University of Morogoro (MUM), Morogoro",3.,Bachelor of Arts (Mass Communication),MUM04,"Two principal passes in the following subjects: English Language, Literature in English, History, Geography, Kiswahili, Fasihi ya Kiswahili, French, Arabic, Fine Arts, Economics, Commerce, Accountancy, Physics, Chemistry, Biology, Advanced Mathematics, Agriculture, Computer Science, Chinese, Business Studies, Theatre Arts, Islamic Knowledge, or Nutrition.",4.0,100,3,
151,"Muslim University of Morogoro (MUM), Morogoro",4.,Bachelor of Law with Shariah,MUM06,"Two principal passes in the following subjects: English Language, Literature in English, History, Geography, Kiswahili, Fasihi ya Kiswahili, French, Arabic, Fine Arts, Economics, Commerce, Accountancy, Physics, Chemistry, Biology, Advanced Mathematics, Agriculture, Computer Science, Chinese, Business Studies, Theatre Arts, Islamic Knowledge, or Nutrition.",4.0,150,4,
152,"Muslim University of Morogoro (MUM), Morogoro",5.,Bachelor of Arts in Geography and Population Studies,MUM08,"Two principal passes in Geography and one of the following subjects: English Language, Literature in English, History, Geography, Kiswahili, Fasihi ya Kiswahili, French, Arabic, Fine Arts, Economics, Commerce, Accountancy, Physics, Chemistry, Biology, Advanced Mathematics, Agriculture, Computer Science, Chinese, Business Studies, Theatre Arts, Islamic Knowledge, or Nutrition.",4.0,200,3,
152,"Muslim University of Morogoro (MUM), Morogoro",6.,Bachelor of Business Administration,MUM010,"Two principal passes in the following subjects: History, Geography, Kiswahili, English Language, French, Fine Arts, Economics, Commerce, Accountancy, Physics, Chemistry, Biology, Advanced Mathematics, Agriculture, Computer Science or Nutrition. In addition, an applicant must have a subsidiary in Advanced Mathematics/ Basic Applied Mathematics at A-Level or a minimum of “D” grade in Mathematics at O-Level.",4.0,700,3,
153,"Muslim University of Morogoro (MUM), Morogoro",7.,Shahada ya Awali katika Kiswahili na Lugha za Kigeni,MUM012,"Mhitimu wa Elimu Juu ya Upili (ACSEE) akiwa na ufaulu wenye wastani wa kuanzia alama D mbili, na moja kati ya hizo iwe ya Kiswahili. Pia awe na ufaulu wa somo lolote la lugha ya kigeni katika mtihani wa Elimu ya Sekondari Marhala ya chini (CSEE).",4.0,30,3,
153,"Muslim University of Morogoro (MUM), Morogoro",8.,Bachelor of Islamic Studies,MUM013,"Two principal passes in the following subjects: Accountancy, Advanced Mathematics, Agriculture, Arabic, Biology, Business Studies, Chemistry, Chinese, Computer Science, Economics, English Language, Fasihi ya Kiswahili, Fine Art, Food and Human Nutrition, French, Geography, History, Islamic Knowledge, Kiswahili, Literature in English, Music, Physics, Sports, Textile and Garment Construction, or Theatre Arts.",4.0,80,3,
154,"Muslim University of Morogoro (MUM), Morogoro",9.,Bachelor of Arts in Geography and Environmental Studies,MUM014,"Two principal passes in the following subjects: Accountancy, Agriculture, Arabic, Biology, Business Studies, Chemistry, Chinese, Computer Science, Economics, English Language, Literature in English, Fasihi ya Kiswahili, Fine Arts, French, Food and Human Nutrition, Geography, History, Islamic Knowledge, Kiswahili, Mathematics, Music, Physics, Sports, Textile and Garment Construction, Theatre Arts, or Tourism. In addtion, an applicant must have a principal in geography.",4.0,40,3,
154,"Muslim University of Morogoro (MUM), Morogoro",10.,Bachelor of Arts in Literature and English Language Studies,MUM015,"Two principal passes in English Language and one of the following subjects: Literature in English, History, Geography, Kiswahili, Fasihi ya Kiswahili, French, Arabic, Fine Arts, Economics, Commerce, Accountancy, Physics, Chemistry, Biology, Advanced Mathematics, Agriculture, Computer Science, Chinese, Business Studies, Theatre Arts, Islamic Knowledge, or Nutrition.",4.0,80,3,
155,"Muslim University of Morogoro (MUM), Morogoro",11.,Bachelor of Science in Economics and Finance,MUM016,"Tw principal passes in the following subjects: Accountancy, Biology, Business Studies, Chemistry, Computer Science, Economics, and Mathematics.",4.0,100,3,
156,"Mwalimu Nyerere Memorial Academy (MNMA), Dar es Salaam",1.,Bachelor Degree in Economics of Development,MN001,"Two principal passes in the following subjects: Economics, Accountancy, commerce, Mathematics, Geography, Physics, chemistry, Biology or Agriculture.",4.0,195,3,
156,"Mwalimu Nyerere Memorial Academy (MNMA), Dar es Salaam",2.,Bachelor Degree in Gender and Development,MN002,"Two principal passes in the following subjects: History, Geography, Kiswahili, English Language, French, Arabic, Fine Arts, Economics, Commerce, Accountancy, Physics, Chemistry, Biology, Advanced Mathematics, Agriculture,Computer Science or Nutrition.",4.0,195,3,
156,"Mwalimu Nyerere Memorial Academy (MNMA), Dar es Salaam",3.,Bachelor Degree in Management of Social Development,MN003,"Two principal passes in the following subjects: History, Geography, Kiswahili, English Language, French, Arabic, Fine Arts, Economics, Commerce, Accountancy, Physics, Chemistry, Biology, Advanced Mathematics, Agriculture, Computer Science or Nutrition.",4.0,195,3,
157,"Mwalimu Nyerere Memorial Academy (MNMA), Dar es Salaam",4.,Bachelor Degree in Human Resource Management,MN004,"Two principal passes in the following subjects: History, Geography, Kiswahili, English Language, French, Arabic, Fine Arts, Economics, Commerce, Accountancy, Physics, Chemistry, Biology, Advanced Mathematics, Agriculture, Computer Science or Nutrition.",4.0,195,3,
157,"Mwalimu Nyerere Memorial Academy (MNMA), Dar es Salaam",5.,Bachelor Degree of Education in Kiswahili and English Languages,MN005,Two principal passes in Kiswahili and English.,4.0,195,3,
157,"Mwalimu Nyerere Memorial Academy (MNMA), Dar es Salaam",6.,Bachelor Degree of Education in Geography and History,MN006,Two principal passes in Geography and History.,4.0,195,3,
157,"Mwalimu Nyerere Memorial Academy (MNMA), Dar es Salaam",7.,Bachelor Degree of Education in Geography and Kiswahili,MN007,Two principal passes in Geography and Kiswahili.,4.0,220,3,
158,"Mwalimu Nyerere Memorial Academy (MNMA), Dar es Salaam",8.,Bachelor Degree of Education in Geography and English,MN008,Two principal passes in Geography and English.,4.0,220,3,
158,"Mwalimu Nyerere Memorial Academy (MNMA), Dar es Salaam",9.,Bachelor Degree of Education in History and English,MN009,Two principal passes in History and English.,4.0,195,3,
158,"Mwalimu Nyerere Memorial Academy (MNMA), Dar es Salaam",10.,Bachelor Degree of Education in History and Kiswahili,MN010,Two principal passes in History and Kiswahili.,4.0,212,3,
158,"Mwalimu Nyerere Memorial Academy (MNMA), Dar es Salaam",11.,"Bachelor Degree in Leadership, Ethics and Governance",MN011,"Two principal passes in the following subjects: English, History, Kiswahili, Geography, Agriculture, Economics, Commerce, Accounts, Arabic, Food and Nutrition, Biology, Chemistry or Physics.",4.0,100,3,
159,"Mwalimu Nyerere Memorial Academy (MNMA), Dar es Salaam",12.,Bachelor Degree in Procurement and Supply Management,MN012,"Two principal passes in the following subjects: Economics, Accounting, Commerce, Book- keeping, Mathematics, Geography, Physics, Biology, Chemistry, Agriculture, English language, Kiswahili, French or History.",4.0,100,3,
159,"Mwalimu Nyerere Memorial Academy (MNMA), Dar es Salaam",13.,Bachelor Degree in Mathematics and Information Technology with Education,MN013,"Two principal passes in Advanced Mathematics and any of the following subjects: Physics, Chemistry, Economics, Engineering science, ICT or Geography Combination: (PCM, PGM, EGM, PGM/Computer Science Physics, Computer and Mathematics).",4.0,41,3,
160,"Mwalimu Nyerere Memorial Academy (MNMA), Zanzibar Campus",1.,Bachelor Degree in Economics of Development,MNZ001,"Two principal passes in the following subjects: Economics, Accountancy, commerce, Mathematics, Geography, Physics, chemistry, Biology or Agriculture.",4.0,60,3,
160,"Mwalimu Nyerere Memorial Academy (MNMA), Zanzibar Campus",2.,Bachelor Degree in Gender and Development,MNZ002,"Two principal passes in the following subjects: History, Geography, Kiswahili, English Language, French, Arabic, Fine Arts, Economics, Commerce, Accountancy, Physics, Chemistry, Biology, Advanced Mathematics, Agriculture, Computer Science or Nutrition.",4.0,60,3,
160,"Mwalimu Nyerere Memorial Academy (MNMA), Zanzibar Campus",3.,Bachelor Degree in Management of Social Development,MNZ003,"Two principal passes in the following subjects: History, Geography, Kiswahili, English Language, French, Arabic, Fine Arts, Economics, Commerce, Accountancy, Physics, Chemistry, Biology, Advanced Mathematics, Agriculture, Computer Science or Nutrition.",4.0,60,3,
161,"Mwalimu Nyerere Memorial Academy (MNMA), Zanzibar Campus",4.,Bachelor Degree in Human Resource Management,MNZ004,"Two principal passes in the following subjects: History, Geography, Kiswahili, English Language, French, Arabic, Fine Arts, Economics, Commerce, Accountancy, Physics, Chemistry, Biology, Advanced Mathematics, Agriculture, Computer Science or Nutrition.",4.0,100,3,
161,"Mwalimu Nyerere Memorial Academy (MNMA), Zanzibar Campus",5.,Bachelor Degree of Education in Kiswahili and English Languages,MNZ005,Two principal passes in Kiswahili and English.,4.0,60,3,
161,"Mwalimu Nyerere Memorial Academy (MNMA), Zanzibar Campus",6.,Bachelor Degree of Education in Geography and History,MNZ006,Two principal passes in Geography and History.,4.0,60,3,
162,"Mwalimu Nyerere Memorial Academy (MNMA), Zanzibar Campus",7.,Bachelor Degree of Education in Geography and Kiswahili,MNZ007,Two principal passes in Geography and Kiswahili.,4.0,60,3,
162,"Mwalimu Nyerere Memorial Academy (MNMA), Zanzibar Campus",8.,Bachelor Degree of Education in Geography and English,MNZ008,Two principal passes in Geography and English.,4.0,80,3,
162,"Mwalimu Nyerere Memorial Academy (MNMA), Zanzibar Campus",9.,Bachelor Degree of Education in History and English,MNZ009,Two principal passes in History and English.,4.0,60,3,
162,"Mwalimu Nyerere Memorial Academy (MNMA), Zanzibar Campus",10.,Bachelor Degree of Education in History and Kiswahili,MNZ010,Two principal passes in History and Kiswahili.,4.0,60,3,
163,"Mwalimu Nyerere Memorial Academy (MNMA), Zanzibar Campus",11.,Bachelor Degree in Procurement and Supply Management,MNZ011,"Two principal passes in the following subjects: Economics, Accounting, Commerce, Book-keeping, Mathematics, Geography, Physics, Biology, Chemistry, Agriculture, English language, Kiswahili, French or History.",4.0,60,3,
163,"Mwalimu Nyerere Memorial Academy (MNMA), Zanzibar Campus",12.,Bachelor Degree in Leadership and Governance,MNZ012,"Two Principal passes in the following subjects: English, History, Kiswahili, Geography, Agriculture, Economics, Commerce, Accounts, Arabic, Nutrition, Biology, Chemistry and Physics.",4.0,60,3,
163,"Mwalimu Nyerere Memorial Academy (MNMA), Zanzibar Campus",13.,Bachelor Degree in Community Development,MNZ013,"Two principal passes in the following subjects: History, Geography, English, Kiswahili, Biology, Chemistry, Agriculture and Commerce, Accountancy, Economics, Arabic, Nutrition or Physics.",4.0,50,3,
164,Mwalimu Nyerere Memorial Academy (MNMA) - Pemba Campus,1,Bachelor Degree in Management of Social Development,MNP01,"Two principal passes in the following subjects: History, Geography, English, Kiswahili, Biology, Chemistry, Agriculture and Commerce, Accounts, Arabic, Nutrition, Physics.",4.0,50,3,
164,Mwalimu Nyerere Memorial Academy (MNMA) - Pemba Campus,2.,Bachelor Degree in Economics of Development,MNP02,"Two principal passes in the following subjects: Economics, Accounts, Commerce, Mathematics, Geography, Physics, Chemistry, Biology or Agriculture.",4.0,50,3,
164,Mwalimu Nyerere Memorial Academy (MNMA) - Pemba Campus,3.,Bachelor of Education in Kiswahili and English Language,MNP03,Two Principal passes in Kiswahili and English.,4.0,40,3,
164,Mwalimu Nyerere Memorial Academy (MNMA) - Pemba Campus,4.,Bachelor of Education in Geography and Kiswahili,MNP04,Two Principal passes in Geography and Kiswahili.,4.0,40,3,
166,"Mwalimu Nyerere University of Agriculture and Technology (MNUAT), Musoma",1.,Bachelor of Science in Agricultural Economics and Agribusiness,MJN01,"Two principal passes in the following subjects: Economics, Advanced Mathematics, Geography, Commerce, Accountancy, Physics, Chemistry, Agriculture or Biology. In addition, an applicant MUST have a minimum of “D” grade in Basic Mathematics at O-Level.",4.0,50,3,
166,"Mwalimu Nyerere University of Agriculture and Technology (MNUAT), Musoma",2.,Bachelor of Science in Business Information Technology,MJN04,"Two principal passes in the following subjects: Advanced Mathematics and Physics or Chemistry, or Computer Science, ICT, or Agriculture, or Business Studies or Economics.",4.0,30,3,
166,"Mwalimu Nyerere University of Agriculture and Technology (MNUAT), Musoma",3.,Bachelor of Science in Fisheries and Aquaculture,MJN05,"Two principal passes from only two subjects in which Biology is compulsory and either Physics, Chemistry, Agriculture, Geography, Food and Human Nutrition, or Nutrition.",4.0,20,3,
166,"Mwalimu Nyerere University of Agriculture and Technology (MNUAT), Musoma",4.,Bachelor of Science in Crop Science and Production,MJN06,"Two principal passes in the following subjects: Physics, Chemistry, Geography, Nutrition, Biology, Sports, Business, Computer, Mathematics, Science and Practices of Agriculture or any other Agricultural-related subject.",4.0,50,3,
168,"Mwenge Catholic University (MWECAU), Kilimanjaro",1.,Bachelor of Arts with Education,MW001,"Two principal passes in the following subjects: History, Geography, Kiswahili, English Language, Literature, Business Studies, Divinity. Economics, Commerce, Accountancy or Advanced Mathematics.",4.0,350,3,
168,"Mwenge Catholic University (MWECAU), Kilimanjaro",2.,Bachelor of Science with Education,MW002,"Two principal passes in the following subjects:Physics, Chemistry, Biology, Advanced Mathematics, ICT, Agriculture, Food and Nutrition, Economics, Geography or Computer Science",4.0,300,3,
168,"Mwenge Catholic University (MWECAU), Kilimanjaro",3.,Bachelor of Business Administration and Management,MW003,"Two principal passes in the following subjects: History, Geography, Kiswahili, English Language, French, Arabic, Fasihi ya Kiswahili, Literature in English, Fine Arts, Economics, Commerce, Accountancy, Physics, Chemistry, Biology, Advanced Mathematics, Agriculture, Computer Science, Chinese, Music, Sports, Theatre Arts, Business Studies, Textile and Garment Construction, or Food/ Human Nutrition. In addition, an applicant must have a subsidiary in Advanced Mathematics/ Basic Applied Mathematics at A-Level or a minimum of “D” grade in Mathematics at O-Level.",4.0,150,3,
169,"Mwenge Catholic University (MWECAU), Kilimanjaro",4.,Bachelor of Arts in Geography and Environmental Studies,MW004,"Two principal passes, one in Geography and the other one from the following subjects: History, Kiswahili, English Language, Literature in English, Computer, French, Arabic, Fasihi ya Kiswahili, Fine Arts, Economics, Commerce, Accountancy, Physics, Chemistry, Biology, Advanced Mathematics, Agriculture, Computer Science or Nutrition.",4.0,150,3,
169,"Mwenge Catholic University (MWECAU), Kilimanjaro",5.,Bachelor of Arts in Sociology and Social Work,MW005,"Two principal passes in the following subjects: History, Geography, Kiswahili, English Language, French, Arabic, Fasihi ya Kiswahili, Literature n English, Fine Arts, Economics, Commerce, Accountancy, Physics, Chemistry, Biology, Advanced Mathematics, Agriculture, Computer Science or Nutrition.",4 .0,150,3,
169,"Mwenge Catholic University (MWECAU), Kilimanjaro",6.,Bachelor of Science in Mathematics and Statistics,MW006,"Two principal passes, one in Advanced Mathematics and the other one from the following subjects: Economics, Physics, Chemistry, Geography, Computer Science.",4.0,50,3,
170,"Mwenge Catholic University (MWECAU), Kilimanjaro",7.,Bachelor of Arts in Philosophy with Ethics,MW007,"Two principal passes in the following subjects: History, Geography, Kiswahili, English Language, French, Arabic, Fine Arts, Economics, Commerce, Accountancy, Physics, Chemistry, Biology, Advanced Mathematics, Agriculture, Computer Science, Divinity or Nutrition.",4.0,75,3,
170,"Mwenge Catholic University (MWECAU), Kilimanjaro",8.,Bachelor of Arts in Project Planning and Management,MW008,"Two principal passes in the following subjects: History, Geography, Kiswahili, English Language, French, Arabic, Fine Arts, Economics, Commerce, Accountancy, Physics, Chemistry, Biology, Advanced Mathematics, Fasihi ya Kiswahili, Literature in English, Mathematics, Chinese, Music, Sports, Theatre Arts, Business Studies, ICT, Textile and Garment Construction, Food and Nutrition, Food and Human Nutrition, Agriculture, Computer Science or Nutrition.",4.0,300,3,
170,"Mwenge Catholic University (MWECAU), Kilimanjaro",9.,Bachelor of Science in Computer Science,MW009,"Two principal passes in the following subjects: Geography, Economics, Physics, Chemistry, Biology, Advanced Mathematics, Agriculture , Nutrition, Commerce, Accounting or Computer Science.",4.0,50,3,
173,"Mwenge Catholic University (MWECAU), Hedaru Campus College",1.,Bachelor of Science in Computer Science,MWH01,"Two principal passes in in the following subjects: Chemistry, Physics, Biology, Geography, Economics, Mathematics, Computer Science, Agriculture, Nutrition, Commerce and Accounting. In addition, an applicant must have D grade in Mathematics.",4.0,50,3,
173,"Mwenge Catholic University (MWECAU), Hedaru Campus College",2.,Bachelor of Science with Education,MWH02,"Two principal passes in the following subjects: Physics, Mathematics , Computer Science and Geography.",4.0,100,3,
174,"Mzumbe University (MU), Morogoro",1.,Bachelor of Public sector Accounting and Finance,MU001,"Two principal passes in the following subjects: History, Geography, Kiswahili, English Language, French, Arabic, Fine Arts, Economics, Commerce, Accountancy, Physics, Chemistry, Biology, Advanced Mathematics,Agriculture, Computer Science or Nutrition and one subsidiary. If one of the principal passes do not include Advanced Mathematics or Economics or Accountancy or Chemistry or physics an applicant MUST HAVE a subsidiary pass in Basic Applied Mathematics at A' Level and a minimum of ""C"" grade in Mathematics or Book- Keeping or Physics at O-Level.",4.5,140,3,
174,"Mzumbe University (MU), Morogoro",2.,Bachelor of Business Accounting and Finance,MU002,"Two principal passes in the following subjects: History, Geography, Kiswahili, English Language, French, Arabic, Fine Arts, Economics, Commerce, Accountancy, Physics, Chemistry, Biology, Advanced Mathematics, Agriculture, Computer Science or Nutrition and one subsidiary. If one of the principal passes do not include Advanced Mathematics or Economics or Accountancy or Chemistry or Physics an applicant MUST HAVE a subsidiary pass in Basic Applied Mathematics at A' Level AND a minimum of ""C"" grade in Mathematics or Book-Keeping or Physics at O-Level.",4.5,140,3,
175,"Mzumbe University (MU), Morogoro",3.,Bachelor of Laws,MU006,"Two principal passes in the following subjects: History, Geography, Kiswahili, English Language, French, Arabic, Fine Arts, Economics, Commerce, Accountancy, Physics, Chemistry, Biology, Advanced Mathematics, Agriculture, Computer Science or Nutrition and one subsidiary. Those without principal or subsidiary passes in English and History MUST HAVE a minimum of “C” grade in English and History at O-Level.",4.5,200,3,
175,"Mzumbe University (MU), Morogoro",4.,Bachelor of Public Administration,MU008,"Two principal passes in the following subjects: History, Geography, Kiswahili, English Language, French, Arabic, Fine Arts, Economics, Commerce, Accountancy, Physics, Chemistry, Biology, Advanced Mathematics, Agriculture, Computer Science or Nutrition and one subsidiary at A-Level.",4.5,140,3,
176,"Mzumbe University (MU), Morogoro",5.,Bachelor of Business Administration in Entrepreneurship and Innovation Management,MU009,"Two principal passes in the following subjects: History or Geography or Kiswahili or Fasihi ya Kiswahili or English Language or Literature in English or French or Arabic or Chinese or Fine Art or Economics or Commerce or Accountancy or Business Studies or Physics or Chemistry or Biology or Advanced Mathematics or Agriculture or Computer Science or Food and Human Nutrition or Sports or Music, Theatre Arts or Text and Garment Construction, and one subsidiary.",4.5,105,3,
176,"Mzumbe University (MU), Morogoro",6.,Bachelor of Procurement and Supply Chain Management,MU010,"Two principal passes in the following subjects: History, Geography, Kiswahili, English Language, French, Arabic, Fine Art, Economics, Commerce, Accountancy, Physics, Chemistry, Biology, Advanced Mathematics, Agriculture, Computer Science, Business studies or Nutrition and one subsidiary. If one of the principals do not include Advanced Mathematics or Economics or Commerce or Business studies or Computer Science an applicant must have a minimum of “C” grade in Basic Mathematics at O-Level.",4.5,105,3,
177,"Mzumbe University (MU), Morogoro",7.,Bachelor of Business Administration in Marketing and Communication Management,MU011,"Two principal passes in the following subjects: History or Geography or English Language or Literature in English or French or Arabic or Chinese or Economics or Commerce or Accountancy or Business Studies or Physics or Chemistry or Biology or Advanced Mathematics or Agriculture or Computer Science or Food and Human Nutrition Music or Theatre Arts, Text and Garment Construction, and one subsidiary.",4.5,105,3,
177,"Mzumbe University (MU), Morogoro",8.,Bachelor of Health Systems Management,MU012,"Two principal passes in the following subjects: History, Geography, Kiswahili, English Language, French, Arabic, Fine Arts, Economics, Commerce, Accountancy, Physics, Chemistry, Biology, Advanced Mathematics, Agriculture, Computer Science or Nutrition and one subsidiary. Where the principal passes do not include English, an applicant MUST HAVE a minimum of “C” grade in English at O-Level.",4.5,140,3,
178,"Mzumbe University (MU), Morogoro",9.,Bachelor Human Resources Management,MU013,"Two principal passes in the following subjects: History, Geography, Kiswahili, English Language, French, Arabic, Fine Arts, Economics, Commerce, Accountancy, Physics, Chemistry, Biology, Advanced Mathematics, Agriculture, Computer Science or Nutrition and one subsidiary at A-Level.",4.5,126,3,
178,"Mzumbe University (MU), Morogoro",10.,Bachelor of Public Administration in Local Government Management,MU014,"Two principal passes in the following subjects: History, Geography, Kiswahili, English Language, French, Arabic, Fine Arts, Economics, Commerce, Accountancy, Physics, Chemistry, Biology, Advanced Mathematics, Agriculture, Computer Science or Nutrition and one subsidiary in any subject at A-level.",4.5,105,3,
178,"Mzumbe University (MU), Morogoro",11.,Bachelor of Science in Production and Operations Management,MU015,"Two principal passes in Physics, Chemistry, Biology, Advanced Mathematics, Economics, Geography, Agriculture, Computer Science or Nutrition and one subsidiary. If one of the principals is not in Advanced Mathematics, an applicant MUST HAVE a minimum of “C” grade in Basic Mathematics at O-Level.",4.5,36,3,
179,"Mzumbe University (MU), Morogoro",12.,Bachelor of Science in Applied Statistics,MU016,"Two principal passes in Advanced Mathematics and one of the following subjects: History, Geography, Kiswahili, English Language, French, Arabic, Fine Arts, Economics, Commerce, Accountancy, Physics, Chemistry, Biology, Agriculture, Computer Science or Nutrition and one subsidiary.",4.5,36,3,
179,"Mzumbe University (MU), Morogoro",13.,Bachelor of Science in Economics Development and Planning,MU017,"Diploma in Economics, Agriculture, Natural Resource, Business, Accounts, Finance, Agribusiness, Project Management; Development Planning, Project Management and Entrepreneurship,, Statistics, Mathematics, Environmental science, Environmental Studies, Environmental Health Sciences, Environmental Engineering, Tourism Management, Heritage Management, Economic Development, Community Economic Development, Community Development, Education, Diploma in Youth Development Work, Development economics, Environmental Management, Disaster Management, Distance and Open Learning, Information Studies, Social sciences, and any other related field of economics, business studies and social sciences from an accredited institution.",4.5,56,3,
180,"Mzumbe University (MU), Morogoro",14.,Bachelor of Science in Economics (Project Planning and Management),MU018,"Two principal passes in History, Geography, Kiswahili, English Language, French, Arabic, Fine Arts, Economics, Commerce, Accountancy, Physics, Chemistry, Biology, Advanced Mathematics, Agriculture, Computer Science or Nutrition and one subsidiary. Where the principal passes do not include Advanced Mathematics or Economics, an applicant MUST HAVE a minimum of “C”grade in Basic Mathematics at O-Level.",4.5,100,3,
180,"Mzumbe University (MU), Morogoro",15.,Bachelor of Science in Economics – Economic Policy and Planning,MU019,"Two principal passes in History, Geography, Commerce, Accountancy, Physics, Chemistry, Biology, Advanced Mathematics, Agriculture, Computer Sciences, Nutrition, Business Studies or Economics. Where the subjects passed do not include Mathematics, Biology, Agriculture, Accountancy, Physics, Chemistry, History, Nutrition or Economics, an applicant must have obtained at least a credit pass in Basic Mathematics at O- Level.",4.5,56,3,
181,"Mzumbe University (MU), Morogoro",16.,Bachelor of Science in Information and Communication Technology with Management,MU020,"Two principal passes in History, Geography, Kiswahili, English Language, French, Arabic, Fine Arts, Economics, Commerce, Accountancy, Physics, Chemistry, Biology, Advanced Mathematics, Agriculture, Computer Science or Nutrition and one subsidiary. If one of the principals do not include Advanced Mathematics, an applicant MUST HAVE a subsidiary pass in Basic Applied Mathematics at A-Level AND a minimum of “C” grade in Basic Mathematics at O-Level.",4.5,56,3,
181,"Mzumbe University (MU), Morogoro",17.,"Bachelor of Public Administration in Records, Archives and Information Management",MU021,Two principal passes and one subsidiary at A-level.,4.5,126,3,
181,"Mzumbe University (MU), Morogoro",18.,Bachelor of Science in Information Technology and Systems,MU022,"Two principal passes in History, Geography, Kiswahili, English Language, French, Arabic, Fine Arts, Economics, Commerce, Accountancy, Physics, Chemistry, Biology, Advanced Mathematics, Agriculture, Computer Science or Nutrition and one subsidiary. If one of the principals do not include Advanced Mathematics, an applicant MUST HAVE a subsidiary pass in Basic Applied Mathematics at A- Level and a minimum of “C” grade in Basic Mathematics at O-Level.",4.5,56,3,
182,"Mzumbe University (MU), Morogoro",19.,Bachelor of Science in Information and Communication Technology with Business,MU023,"Two principal passes in History, Geography, Kiswahili, English Language, French, Arabic, Fine Arts, Economics, Commerce, Accountancy, Physics, Chemistry, Biology, Advanced Mathematics, Agriculture, Computer Science or Nutrition and one subsidiary. If one of the principals do not include Advanced Mathematics, an applicant MUST HAVE a subsidiary pass in Basic Applied Mathematics at A- Level AND a minimum of “C” grade in Basic Mathematics at O-Level.",4.5,56,3,
182,"Mzumbe University (MU), Morogoro",20.,Bachelor of Science in Library and Information Management,MU024,"Two principal passes in History, Geography, Kiswahili, English Language, French, Arabic, Fine Arts, Economics, Commerce, Accountancy, Physics, Chemistry, Biology, Advanced Mathematics, Agriculture, Computer Science or Nutrition and one subsidiary. If one of the principals do not include Advanced Mathematics an applicant MUST HAVE a minimum of “C” grade in Basic Mathematics or a ‘D’ grade in Additional Mathematics at O-Level.",4.5,56,3,
183,"Mzumbe University (MU), Morogoro",21.,Bachelor of Science with Education- Mathematics and Computer Science,MU025,"Two principal passes in Advanced Mathematics and one of the following subjects: History, Geography, Kiswahili, English Language, French, Arabic, Fine Arts, Economics, Commerce, Accountancy, Physics, Chemistry, Biology, Agriculture, Computer Science or Nutrition and one subsidiary.",4.0,70,3,
183,"Mzumbe University (MU), Morogoro",22.,Bachelor of Science in Industrial Engineering Management,MU026,"Two principal passes in Physics, Chemistry, Biology, Advanced Mathematics, Agriculture, Economics, Geography, Computer Science or Nutrition and one subsidiary. If one of the principals do not include Advanced Mathematics, an applicant MUST HAVE a subsidiary pass in Basic Applied Mathematics at A- Level. In addition, an applicant MUST HAVE a minimum of “C” grade in Basic Mathematics or a “D” grade in Additional Mathematics at O-Level.",4.5,70,3,
183,"Mzumbe University (MU), Morogoro",23.,Bachelor of Arts with Education,MU027,"Two principal passes in the following subjects: Advanced Mathematics, Economics, Accountancy, Business studies, Kiswahili, Fasihi ya Kiswahili, English, Literature or Geography.",4.5,240,3,
184,"Mzumbe University (MU), Morogoro",24.,Bachelor of Public Administration in Youth Development and Leadership,MU028,Two principal passes and one subsidiary in any subject at A ‘level. Where the principal passes do not include English; the applicant MUST HAVE obtained at least a “D” grade in English at O-Level.,4.5,50,3,
184,"Mzumbe University (MU), Morogoro",25.,Bachelor of Health Systems in Monitoringand Evaluation,MU029,Two principal passes and one subsidiary at the A ‘level. Where the principal passes do not include English and Mathematics an applicant MUST HAVE obtained at least a credit in English Language and Mathematics at ‘O’ level.,4.5,50,3,
184,"Mzumbe University (MU), Morogoro",26.,Bachelor of Environmental Management,MU030,"Two principal passes in the following subjects: Geography, Biology, Physics; Agriculture, History Economics, Chemistry, Mathematics. The applicant must have obtained at least a credit in Geography at ‘O' level.",4.0,90,3,
185,"Mzumbe University (MU), Morogoro",27.,Bachelor of Transport and Logistics Management,MU031,"Two principal passes in the following subjects: History, Geography, Kiswahili, English Language, French, Arabic, Fine Art, Economics, Commerce, Accountancy, Physics, Chemistry, Biology, Advanced Mathematics, Agriculture, Computer Science, Business studies or Nutrition and one subsidiary. If one of the principal passes do not include Advanced Mathematics or Economics or Commerce or Business studies or Computer Science, an applicant must have a minimum of “C” grade in Basic Mathematics at O-Level.",4.5,100,3,
185,"Mzumbe University (MU), Morogoro",28.,Bachelor of Business Administration in Customer Service Management and Public Relations,MU032,"Two principal passes in the following subjects: History, Geography, Kiswahili or Fasihi ya Kiswahili, English Language or Literature in English, French, Arabic, Chinese, Fine Arts, Economics, Commerce, Accountancy, Business Studies, Physics, Chemistry, Biology, Advanced Mathematics, Agriculture, Computer Science, Food and Human nutrition, Sport, Music theatre Arts, Text and Garments constructions.",4.5,150,3,
186,"Mzumbe University (MU), Morogoro",29.,Bachelor of Procurement and Assets Management,MU033,"Two principal passes in the following subjects: History, Geography, Kiswahili, English Language, French, Arabic, Fine Arts, Economics, Commerce, Accountancy, Physics, Chemistry, Biology, Advanced Mathematics, Computer Science, Business Studies, Nutrition and one subsidiary. If one of the principal passes do not include Advanced Mathematics or Economics or Commerce or Business studies or Computer Science, an applicant must have a minimum of “D” grade in Basic Mathematics at O-Level.",4.5,150,3,
187,"Mzumbe University (MU), Morogoro",30.,Bachelor of Science in Natural Resources Economics,MU034,"Two principal passes in Mathematics, Biology, computer Sciences, Agriculture, Geography, Accountancy, Physics, Chemistry, History, Nutrition, Commerce, Business Studies or Economics. Where the subjects passed do not include Mathematics, Biology, Agriculture, Accountancy, Physics, Chemistry, History, Nutrition, or Economics. In addition an applicant must have obtained at least a credit pass in Basic Mathematics at O-Level.",4.5,50,3,
188,"Mzumbe University Dar es Salaam Campus College (MUDCCo), Dar es Salaam",1.,Bachelor of Accounting and Finance in Business Sector,MDA01,"Two principal passes in the following subjects: History, Geography, Kiswahili, English Language, French, Arabic, Fine Arts, Economics, Commerce, Business Studies, Accountancy, Physics, Chemistry, Biology, Advanced Mathematics, Agriculture, Computer Science or Food and Human Nutrition and one subsidiary pass in A-Level. One of the principal passes must be in Advanced Mathematics, Economics, Accountancy, Commerce, Business Studies, Physics, Chemistry, Biology, Computer Science, Agriculture, Food and Human Nutrition, or Geography.",4.5,126,3,
189,"Mzumbe University Dar es Salaam Campus College (MUDCCo), Dar es Salaam",2.,Bachelor of Public Administration,MDA02,"Two principal passes in the following subjects: History, Geography, Kiswahili, English Language, French, Arabic, Fine Arts, Economics, Commerce, Accountancy, Physics, Chemistry, Biology, Advanced Mathematics, Agriculture, Computer Science or Nutrition and one subsidiary at A-Level.",4.5,100,3,
189,"Mzumbe University Dar es Salaam Campus College (MUDCCo), Dar es Salaam",3,Bachelor of Human Resources Management,MDA03,"Two principal passes in the following subjects: History, Geography, Kiswahili, English Language, French, Arabic, Fine Arts, Economics, Commerce, Accountancy, Physics, Chemistry, Biology, Advanced Mathematics, Agriculture, Computer Science or Nutrition and one subsidiary at A-Level.",4.5,120,3,
190,"Mzumbe University Mbeya Campus College (MUMCCo), Mbeya",1.,Bachelor of Laws,MMB01,"Two principal passes in History, Geography, Kiswahili, English Language, French, Arabic, Fine Arts, Economics, Commerce, Accountancy, Physics, Chemistry, Biology, Advanced Mathematics, Agriculture, Computer Science or Nutrition and one subsidiary. Those without principal passes or subsidiary passes in English and History MUST HAVE a minimum of “C” grade in English and History at O- Level.",4.5,,,
190,"Mzumbe University Mbeya Campus College (MUMCCo), Mbeya",2.,Bachelor of Business Administration in Marketing and Communication Management,MMB02,"Two principal passes in the following subjects: History or Geography or English Language or Literature in English or French or Arabic or Chinese or Economics or Commerce or Accountancy or Business Studies or Physics or Chemistry or Biology or Advanced Mathematics or Agriculture or Computer Science or Food and Human Nutrition Music or Theatre Arts, Text and Garment Construction, and one subsidiary.",4.5,,,
190,"Mzumbe University Mbeya Campus College (MUMCCo), Mbeya",3.,Bachelor of Accounting and Finance in Business Sector,MMB03,"Two principal passes in the following subjects: History, Geography, Kiswahili, English Language, French, Arabic, Fine Arts, Economics, Commerce, Accountancy, Physics, Chemistry, Biology, Advanced Mathematics, Agriculture, Computer Science or Nutrition and one subsidiary. If one of the principal passes do not include Advanced Mathematics",4.5,,,
192,"National Institute of Transport (NIT), Dar es Salaam",1.,Bachelor Degree in Logistics and Transport Management,NT001,"Two principal passes in the following subjects: History, Fine Arts, Geography, Kiswahili, English Language, French, Arabic, Economics, Commerce, Accountancy, Physics, Chemistry, Biology, Advanced Mathematics, Agriculture, Computer Science or Nutrition.",4.0,200,3,
192,"National Institute of Transport (NIT), Dar es Salaam",2.,Bachelor Degree in Automobile Engineering,NT003,Two principal passes in Mathematics and Physics and those without at least a subsidiary in Chemistry at A - Level must have a credit pass at O- Level.,4.0,100,4,
192,"National Institute of Transport (NIT), Dar es Salaam",3.,Bachelor Degree in Procurement and Logistics Management,NT004,"Two principal passes in the following subjects: History, Geography, Kiswahili, English Language, French, Arabic, Fine Arts, Economics, Commerce, Accountancy, Physics, Chemistry, Biology, Advanced Mathematics, Agriculture, Computer Science or Nutrition.",4.0,100,3,
193,"National Institute of Transport (NIT), Dar es Salaam",4.,Bachelor Degree in Human Resource Management,NT005,"Two principal passes in the following subjects: History, Geography, Kiswahili, English Language, French, Arabic, Fine Arts, Economics, Commerce, Accountancy, Physics, Chemistry, Biology, Advanced Mathematics, Agriculture, Computer Science or Nutrition.",4 .0,100,3,
193,"National Institute of Transport (NIT), Dar es Salaam",5.,Bachelor Degree in Information Technology,NT006,"Two principal passes in the following subjects: History, Fine Arts, Geography, Kiswahili, English Language, French, Arabic, Economics, Commerce, Accountancy, Physics, Chemistry, Biology, Advanced Mathematics, Agriculture, Computer Science or Nutrition. In addition, an applicant MUST HAVE a minimum of “D” grade in Basic Mathematics and English at O-Level.",4.0,80,3,
194,"National Institute of Transport (NIT), Dar es Salaam",6.,Bachelor Degree in Mechanical Engineering,NT007,Two principal passes in Advanced Mathematics and Physics. An applicant without at least a subsidiary in Chemistry at A-Level MUST have a minimum of“D” grade in Chemistry at O-Level.,4.0,50,3,
194,"National Institute of Transport (NIT), Dar es Salaam",7.,Bachelor Degree in Business Administration,NT008,"Two principal passes in the following subjects: History, Arabic, Geography, Kiswahili, English Language, French, Fine Arts, Economics, Commerce, Accountancy, Physics, Chemistry, Biology, Advanced Mathematics, Agriculture, Computer Science or Nutrition.",4.0,200,3,
194,"National Institute of Transport (NIT), Dar es Salaam",8.,Bachelor Degree in Marketing and Public Relations,NT009,"Two principal passes in the following subjects: History, French, Geography, Kiswahili, English Language, Arabic, Fine Arts, Economics, Commerce, Accountancy, Physics, Chemistry, Biology, Advanced Mathematics, Agriculture, Computer Science or Nutrition.",4 .0,100,3,
195,"National Institute of Transport (NIT), Dar es Salaam",9.,Bachelor Degree in Accounting and Transport Finance,NT010,"Two principal passes in the following subjects: History, Geography, Kiswahili, English Language, French, Arabic, Fine Arts, Economics, Commerce, Accountancy, Physics, Chemistry, Biology, Advanced Mathematics, Agriculture, Computer Science or Nutrition. If one of the principal passes is not in Advanced Mathematics, an applicant MUST have a subsidiary pass in Advanced Mathematics/ Basic Applied Mathematics at A-Level or a minimum of “D” grade in Basic Mathematics at O-Level.",4.0,100,3,
195,"National Institute of Transport (NIT), Dar es Salaam",10.,Bachelor Degree in Education with Mathematics and Information Technology,NT011,"Two principal passes in Advanced Mathematics and in one of the following subjects: History, Geography, Kiswahili, English Language, French, Arabic, Fine Arts, Economics, Commerce, Accountancy, Physics, Chemistry, Biology, Agriculture, Computer Science or Nutrition. In addition, an applicant MUST HAVE a minimum of “D” grade in English and Mathematics at O-Level.",4.0,50,3,
196,"National Institute of Transport (NIT), Dar es Salaam",11.,Bachelor Degree in Computer Science,NT012,Two principal passes in Advanced Mathematics and Physics.,4.0,100,3,
196,"National Institute of Transport (NIT), Dar es Salaam",12.,Bachelor Degree in Aircraft Maintenance Engineering.,NT013,"Two principal passes in Advanced Mathematics and Physics. In addition, an applicant must have a subsidiary pass in Chemistry at A-Level or a minimum of “D” grade in Chemistry at O-Level.",4.0,10,4,
196,"National Institute of Transport (NIT), Dar es Salaam",13.,Bachelor Degree in Road and Railway Transport Logistics Management,NT016,"Two principal passes in the following subjects: History, Geography, Kiswahili, English Language, French, Arabic, Fine Arts, Economics, Commerce, Accountancy, Physics, Chemistry, Biology, Advanced Mathematics, Agriculture, Computer Science or Nutrition.",4.0,200,3,
196,"National Institute of Transport (NIT), Dar es Salaam",14.,Bachelor Degree in Shipping and Port Logistics Management,NT017,"Two principal passes in the following subjects: History, Geography, Kiswahili, English Language, French, Arabic, Fine Arts, Economics, Commerce, Accountancy, Physics, Chemistry, Biology, Advanced Mathematics, Agriculture, Computer Science or Nutrition.",4.0,200,3,
197,"National Institute of Transport (NIT), Dar es Salaam",15.,Bachelor’s Degree in Naval Architecture and Marine Engineering,NT018,"Two principal passes in Advanced Mathematics, Physics, Engineering Science, or Chemistry.",4.0,100,4,
197,"National Institute of Transport (NIT), Dar es Salaam",16.,Bachelor Degree in Civil and Railway Engineering,NT019,"Two principal passes in Advanced Mathematics, Physics, Engineering Science, or Chemistry.",4.0,100,4,
197,"National Institute of Transport (NIT), Dar es Salaam",17.,Bachelor’s degree in electrical and Railway Electrification Engineering,NT020,"Two principal passes in Advanced Mathematics, Physics or Chemistry. In addition, an applicant must have four passes at O’ level in Basic Mathematics/ Physics/Engineering Science and English",4.0,100,4,
198,"National Institute of Transport (NIT), Dar es Salaam",18.,Bachelor’s degree in education with Economics and Mathematics,NT021,Two Principal passes in Advanced Mathematics and Economics.,4.0,100,3,
198,"National Institute of Transport (NIT), Dar es Salaam",19.,Bachelor’s degree in Telecommunication and Railway Signalling Engineering,NT022,"Two principal passes in the following subjects: Advanced Mathematics, Physics or Chemistry. In addition, an applicant must have four passes at O’ level in Basic Mathematics/ Physics/Engineering Science and English",4.0,100,4,
199,"Open University of Tanzania (OUT), Dar es Salaam",1.,Bachelor of Arts with Education,OU001,"Two principal passes in the following subjects: History, Geography, Kiswahili, English Language, French, Arabic, Fine Arts, Economics, Commerce, Accountancy or Advanced Mathematics.",4.0,300,3-6,
199,"Open University of Tanzania (OUT), Dar es Salaam",2.,Bachelor of Arts in Journalism,OU003,"Two principal passes in the following subjects: History, Geography, Kiswahili, English Language, French, Arabic, Fine Arts, Economics, Commerce, Accountancy, Physics, Chemistry, Biology, Advanced Mathematics, Agriculture, Computer Science or Nutrition.",4.0,100,3-6,
199,"Open University of Tanzania (OUT), Dar es Salaam",3.,Bachelor of Arts in Mass Communication,OU004,"Two principal passes in the following subjects: History, Geography, Kiswahili, English Language, French, Arabic, Fine Arts, Economics, Commerce, Accountancy, Physics, Chemistry, Biology, Advanced Mathematics, Agriculture, Computer Science or Nutrition.",4.0,150,3-6,
200,"Open University of Tanzania (OUT), Dar es Salaam",4.,Bachelor of Arts in Sociology,OU005,"Two principal passes in the following subjects: History, Geography, Kiswahili, English Language, French, Arabic, Fine Arts, Economics, Commerce, Accountancy, Physics, Chemistry, Biology, Advanced Mathematics, Agriculture, Computer Science or Nutrition.",4.0,350,3-6,
200,"Open University of Tanzania (OUT), Dar es Salaam",5.,Bachelor of Social Work,OU006,"Two principal passes in the following subjects: History, Geography, Kiswahili, English Language, French, Arabic, Fine Arts, Economics, Commerce, Accountancy, Physics, Chemistry, Biology, Advanced Mathematics, Agriculture, Computer Science or Nutrition.",4.0,300,3-6,
200,"Open University of Tanzania (OUT), Dar es Salaam",6.,Bachelor of Tourism Management,OU007,"Two principal passes in the following subjects: History, Geography, Kiswahili, Literature, Chinese, Business, Islamic, Divinity, French, Arabic, Fine Arts, Economics, Commerce, Accountancy, Physics, Chemistry, Biology, Advanced Mathematics, Agriculture, Computer Science or Nutrition.",4.0,200,3-6,
201,"Open University of Tanzania (OUT), Dar es Salaam",7.,Bachelor of Education in Special Education,OU010,"Two principal passes in the following subjects: History, Geography, Kiswahili, English Language, French, Arabic, Fine Arts, Economics, Commerce, Accountancy, Physics, Chemistry, Biology, Advanced Mathematics, Agriculture, Computer Science or Nutrition.",4.0,250,3-6,
202,"Open University of Tanzania (OUT), Dar es Salaam",8.,Bachelor of Science in Environmental Studies,OU011,"Two principal passes in the following subjects: Agriculture, Biology, Chemistry, Physics, Mathematics, Economics, History , Geography, Nutrition, Computer Sciences, Business Studies, Accountancy and Commerce.",4.0,150,3-6,
202,"Open University of Tanzania (OUT), Dar es Salaam",9.,Bachelor of Laws,OU012,"Two principal passes in the following subjects: History, Geography, Kiswahili, English Language, French, Arabic, Fine Arts, Economics, Commerce, Accountancy Physics, Chemistry, Biology or Advanced Mathematics.",4.0,300,3-6,
202,"Open University of Tanzania (OUT), Dar es Salaam",10.,Bachelor of Science General,OU014,"Two principal passes in the following subjects: Geography, Physics, Chemistry, Biology, Advanced Mathematics, Agriculture, Computer Science or Nutrition.",4.0,250,3-6,
203,"Open University of Tanzania (OUT), Dar es Salaam",11.,Bachelor of Science with Education,OU015,"Two principal passes in the following subjects: Geography, Physics, Chemistry, Biology, Advanced Mathematics, Agriculture, Computer Science or Nutrition.",4.0,250,3-6,
203,"Open University of Tanzania (OUT), Dar es Salaam",12.,Bachelor of Science in Information and communication Technology,OU016,"Two principal passes in the following subjects: Geography, Physics, Chemistry, Biology, Advanced Mathematics, Agriculture, Computer Science or Nutrition.",4.0,250,3-6,
203,"Open University of Tanzania (OUT), Dar es Salaam",13.,Bachelor of Business Administration in Accounting,OU017,"Two principal passes in the following subjects: History, Geography, Kiswahili, English Language, French, Arabic, Fine Arts, Economics, Commerce, Accountancy, Physics, Chemistry, Biology, Advanced Mathematics, Agriculture, Computer Science or Nutrition.",4.0,400,3-6,
204,"Open University of Tanzania (OUT), Dar es Salaam",14.,Bachelor of Business Administration in Finance,OU018,"Two principal passes in the following subjects: History, Geography, Kiswahili, English Language, French, Arabic, Fine Arts, Economics, Commerce, Accountancy, Physics, Chemistry, Biology, Advanced Mathematics, Agriculture, Computer Science or Nutrition.",4.0,250,3-6,
204,"Open University of Tanzania (OUT), Dar es Salaam",15.,Bachelor of Business Administration in Marketing,OU019,"Two principal passes in the following subjects: History, Geography, Kiswahili, English Language, French, Arabic, Fine Arts, Economics, Commerce, Accountancy, Physics, Chemistry, Biology, Advanced Mathematics, Agriculture, Computer Science or Nutrition.",4.0,400,3-6,
204,"Open University of Tanzania (OUT), Dar es Salaam",16.,Bachelor of Business Administration in Human Resource Management,OU020,"Two principal passes in the following subjects: History, Geography, Kiswahili, English Language, French, Arabic, Fine Arts, Economics, Commerce, Accountancy, Physics, Chemistry, Biology, Advanced Mathematics, Agriculture, Computer Science or Nutrition.",4.0,400,3-6,
205,"Open University of Tanzania (OUT), Dar es Salaam",17.,Bachelor of Business Administration (International Business),OU021,"Two principal passes in the following subjects: History, Geography, Kiswahili, English Language, French, Arabic, Fine Arts, Economics, Commerce, Accountancy, Physics, Chemistry, Biology, Advanced Mathematics, Agriculture, Computer Science or Nutrition.",4.0,250,3-6,
205,"Open University of Tanzania (OUT), Dar es Salaam",18.,Bachelor of Human Resource Management,OU022,"Two principal passes in the following subjects: History, Geography, Kiswahili, English Language, French, Arabic, Fine Arts, Economics, Commerce, Accountancy, Physics, Chemistry, Biology, Advanced Mathematics, Agriculture, Computer Science or Nutrition.",4.0,450,3-6,
206,"Open University of Tanzania (OUT), Dar es Salaam",19.,Bachelor of Arts in Economics,OU026,"Two principal passes in Economics and in one of the following subjects: History, Geography, Kiswahili, English Language, French, Arabic, Fine Arts, Commerce, Accountancy or Advanced Mathematics.",4.0,100,3-6,
206,"Open University of Tanzania (OUT), Dar es Salaam",20.,Bachelor of Arts in English Language and Linguistics,OU027,"Two principal passes in the following subjects: History, Geography, Kiswahili, English Language, French, Arabic, Fine Arts, Economics, Commerce, Accountancy, Physics, Chemistry, Biology, Advanced Mathematics, Agriculture, Computer Science.",4.0,81,3-6,
206,"Open University of Tanzania (OUT), Dar es Salaam",21.,Bachelor of Arts in Kiswahili and Creative Studies,OU028,"Two principal passes in Kiswahili and in one of the following subjects: History, Geography, English Language, Economics, French, Arabic, Fine Arts, Commerce, Accountancy or Advanced Mathematics.",4.0,100,3-6,
207,"Open University of Tanzania (OUT), Dar es Salaam",22,Bachelor of Natural Resources Assesment and Management,OU030,"Two principal passes in the following subjects: History, Geography, Kiswahili, English Language, French, Arabic, Fine Arts, Economics, Commerce, Accountancy, Physics, Chemistry, Biology, Advanced Mathematics, Agriculture, Computer Science.",4.0,250,3-6,
207,"Open University of Tanzania (OUT), Dar es Salaam",23.,Bachelor of Arts in Population and Development,OU031,"Two principal passes in the following subjects: History, Geography, Kiswahili, English Language, French, Arabic, Fine Arts, Economics, Commerce, Accountancy, Physics, Chemistry, Biology, Advanced Mathematics, Agriculture, Computer Science.",4.0,200,3-6,
207,"Open University of Tanzania (OUT), Dar es Salaam",24.,Bachelor of Arts In Public Administration,OU033,"Two principal passes in the following subjects: History, Geography, Kiswahili, English Language, French, Arabic, Fine Arts, Economics, Commerce, Accountancy, Physics, Chemistry, Biology, Advanced Mathematics, Agriculture, Computer Science.",4.0,300,3-6,
208,"Open University of Tanzania (OUT), Dar es Salaam",25.,Bachelor of Arts in International Relations,OU034,"Two principal passes in the following subjects: History, Geography, Kiswahili, English Language, French, Arabic, Fine Arts, Economics, Commerce, Accountancy, Physics, Chemistry, Biology, Advanced Mathematics, Agriculture, Computer Science or Nutrition.",4.0,300,3-6,
208,"Open University of Tanzania (OUT), Dar es Salaam",26.,Bachelor of Community Economic Development,OU035,"Two principal passes in the following subjects: History, Geography, Kiswahili, English Language, French, Arabic, Fine Arts, Economics, Commerce, Accountancy, Physics, Chemistry, Biology, Advanced Mathematics, Agriculture, Computer Science.",4.0,250,3-6,
209,"Open University of Tanzania (OUT), Dar es Salaam",27.,Bachelor of Library and Information Management,OU036,"Two principal passes in the following subjects: History, Geography, Kiswahili, English Language, French, Arabic, Fine Arts, Economics, Commerce, Accountancy, Physics, Chemistry, Biology, Advanced Mathematics, Agriculture, Computer Science.",4.0,100,3-6,
209,"Open University of Tanzania (OUT), Dar es Salaam",28.,Bachelor of Science in Energy Resources,OU037,"Two principal passes in the following subjects: Physics, Chemistry, Biology, Geography, Advanced Mathematics, Agriculture, Computer Science or Nutrition. If one of the principal passes is not Physics, an applicant must have a minimum of “D” grade in Physics at O-Level.",4.0,100,3-6,
209,"Open University of Tanzania (OUT), Dar es Salaam",29.,"Bachelor of Science in Food, Nutrition and Dietetics",OU038,"Three principal passes in Chemistry, Biology, Physics,AdvancedMathematics,Nutrition,Geograpy ,Agriculture.",4.0,150,3-6,
210,"Open University of Tanzania (OUT), Dar es Salaam",30.,Bachelor of Science in Data Management,OU039,"Two principal passes in the following subjects: Physics, Chemistry, Biology, Geography, Economics, Commerce, Accountancy, Advanced Mathematics, Agriculture, Computer Science or Nutrition Studies.",4.0,250,3-6,
210,"Open University of Tanzania (OUT), Dar es Salaam",31.,Bachelor of Procurement and Supply Chain Management,OU040,"Two principal passes in the following subjects: History, Geography, Kiswahili, English Language, French, Arabic, Fine Arts, Economics, Commerce, Accountancy, Physics, Chemistry, Biology, Advanced Mathematics, Agriculture, Computer Science.",4.0,300,3-6,
210,"Open University of Tanzania (OUT), Dar es Salaam",33.,Bachelor of Science in Food Processing Technologies,OU042,"Two principal passes in the following subjects: Chemistry, Biology, Food and Human Nutrition, Home economics, Agriculture, Physics, Geography, Mathematics and Computer science and Computer science.",4.0,50,3-6,
213,"Ruaha Catholic University (RUCU), Iringa",1.,Bachelor of Arts with Education,RU001,"Two principal passes in the following subjects: Economics, History, Geography, Advanced Mathematics, English, Kiswahili or Accountancy.",4.0,600,3,
213,"Ruaha Catholic University (RUCU), Iringa",2.,Bachelor of Laws,RU002,"Two principal passes in the following subjects: History, Geography, Kiswahili, English Language, French, Arabic, Fine Arts, Economics, Commerce, Accountancy or Advanced Mathematics. If one of the principals is not English, an applicant MUST HAVE a subsidiary pass in English at A-Level or a minimum of “D” grade in English at O-Level.",4.0,280,4,
213,"Ruaha Catholic University (RUCU), Iringa",3.,Bachelor of Computer Science,RU003,"Two principal passes in Biology, Chemistry, Physics, Agriculture, Advanced Mathematics or Geography.",4.0,100,3,
213,"Ruaha Catholic University (RUCU), Iringa",4.,Bachelor of Business Administration,RU004,"Two principal passes in the following subjects: History, Geography, Kiswahili, English Language, French, Arabic, Fine Arts, Economics, Commerce, Accountancy, Physics, Chemistry, Biology, Advanced Mathematics, Agriculture, Computer Science or Nutrition.",4.0,80,3,
214,"Ruaha Catholic University (RUCU), Iringa",5.,Bachelor of Accounting and Finance,RU005,"Two principal passes in the following subjects: Mathematics, Accountancy, Commerce, Economics, Biology, Chemistry, Physics, Geography, Computer Science, Business studies, or any equivalent qualifications.",4.0,100,3,
214,"Ruaha Catholic University (RUCU), Iringa",6.,Bachelor of Science in Software Engineering,RU006,"Two principal passes in Mathematics and either computer studies, physics, chemistry, Biology and Geography. In addition, an applicant must have at least four (4) credit passes at O-level including Basic Mathematics or Additional Mathematics.",4.0,80,4,
214,"Ruaha Catholic University (RUCU), Iringa",7.,Bachelor of Environmental Health Sciences,RU007,"Three principal passes in Chemistry, Biology and either Physics, Mathematics, Nutrition, Geography, or Agriculture with a minimum of 6 points. In addition, an applicant must have at least C grade in Chemistry and at least D grade in Biology and E grade in Physics, Mathematics, Nutrition, Geography, or Agriculture.",6.0,40,4,
215,"Ruaha Catholic University (RUCU), Iringa",8.,Bachelor of Science with Education,RU008,"Two principal passes in Advanced Mathematics and one of the following subjects: Physics, Chemistry or Geography.",4.0,80,3,
215,"Ruaha Catholic University (RUCU), Iringa",9.,Bachelor of Business Administration in accounting,RU010,"Two principal passes in any of the following subjects: Economics, Accountancy, Chemistry, Agriculture, Advanced Mathematics, Commerce, Computer Studies, Physics or Nutrition.",4.0,100,3,
215,"Ruaha Catholic University (RUCU), Iringa",10.,Bachelor of Science in Nursing,RU011,"Three principal passes in Chemistry, Biology and Physics with a minimum of “C” grade in Chemistry and Biology, and at least D grade in Physics or Advanced Mathematics.",6.0,40,4,
216,"Sokoine University of Agriculture (SUA), Morogoro",1.,Bachelor of Science in Agricultural Engineering,SU002,"Two principal passes in Advanced Mathematics and one of the following subjects: Physics, Chemistry, or Geography. In addition, an applicant MUST have a minimum of “D” grade in Physics, Chemistry and Biology at O-Level.",4.0,65,4,
216,"Sokoine University of Agriculture (SUA), Morogoro",2.,Bachelor of Science in Agriculture,SU003,"Two principal passes in Biology and one of the following Chemistry, Physics or Agriculture.",4.0,400,3,
217,"Sokoine University of Agriculture (SUA), Morogoro",3.,Bachelor of Science in Agricultural Economics and Agribusiness,SU004,"Two principal passes in the following subjects: Economics, Advanced Mathematics, Geography, Commerce, Accountancy, Physics, Chemistry, Agriculture or Biology.",4.0,250,3,
217,"Sokoine University of Agriculture (SUA), Morogoro",4.,Bachelor of Science in Animal Science and Production,SU006,"Two principal passes in Biology and one of the following Chemistry, Physics or Agriculture.",4.0,260,3,
217,"Sokoine University of Agriculture (SUA), Morogoro",5.,Bachelor of Science in Aquaculture,SU007,"Two principal passes in Biology and one in the following subjects: Agriculture, Chemistry, Physics or Geography",4.0,160,3,
218,"Sokoine University of Agriculture (SUA), Morogoro",6.,Bachelor of Science in Biotechnology and Laboratory Sciences,SU008,"Two principal passes in Chemistry and Biology whereas, an applicant must have a subsidiary in one of the following subjects: Physics, Geography, Nutrition or Science and Practice in Agriculture. In addition, an applicant must have a minimum of “C” grade in one of the following subjects: Physics, Geography, Nutrition or Agriculture at O-Level",4.5,100,3,
218,"Sokoine University of Agriculture (SUA), Morogoro",7.,Bachelor of Science with Education,SU009,"Two principal passes in the respective combinations in the following subjects: Chemistry, Biology, Geography, Advanced Mathematics, Agriculture , Nutrition or Computer Science.",4.0,800,3,
218,"Sokoine University of Agriculture (SUA), Morogoro",8.,Bachelor of Science in Environmental Science and Management,SU014,"Two principal passes in Chemistry and one of the following subjects: Biology, Advanced Mathematics, Geography, Physics, Food and Nutrition or Agriculture. An applicant without a subsidiary pass in either Biology or Advanced Mathematics at A-Level must have a minimum of “C” grade in either Biology or Basic Mathematics at O-Level.",4.0,190,3,
219,"Sokoine University of Agriculture (SUA), Morogoro",9.,Bachelor of Science in Food Science and Technology,SU015,"Two principal passes in Chemistry and one of the following subjects: Biology, Physics, Nutrition, Agriculture, Advanced Mathematics or Geography.",4.0,110,3,
219,"Sokoine University of Agriculture (SUA), Morogoro",10.,Bachelor of Science in Forestry,SU016,"Two principal passes in Biology and one of the following subjects: Chemistry, Physics, Geography or Agriculture",4.0,80,3,
219,"Sokoine University of Agriculture (SUA), Morogoro",11.,Bachelor of Science in Horticulture,SU017,"Two principal passes in Chemistry and Biology and a subsidiary pass in one of the following subjects: Geography, Physics or Agriculture or Advanced Mathematics.",4.0,150,3,
219,"Sokoine University of Agriculture (SUA), Morogoro",12.,Bachelor of Science in Information Technology,SU018,"Two principal passes in any of the following subjects: Computer Science, Geography, Advanced Mathematics, Physics, Chemistry, Biology, and Economics.",4.0,120,3,
220,"Sokoine University of Agriculture (SUA), Morogoro",14.,Bachelor of Tourism Management,SU020,"Two principal passes in the following subjects: History, Kiswahili, Biology, Geography, Chemistry, Physics, Agriculture, Advanced Mathematics, Nutrition, Home Economics, Economics, Commerce, English, French ,SpanishTourism, Tour Guiding, Hospitality and Computer science.",4.0,80,3,
220,"Sokoine University of Agriculture (SUA), Morogoro",15.,Bachelor of Veterinary Medicine,SU021,"Two principal passes in Chemistry and Biology whereas, an applicant must have a subsidiary in one of the following subjects: Advanced Mathematics, Physics, Geography, Nutrition or Science and Practice in Agriculture. If one of the subsidiary passes does not include Physics an applicant, must have a minimum of “C” grade in Physics, Basic Mathematics and English at O-Level.",4.5,120,5,
220,"Sokoine University of Agriculture (SUA), Morogoro",16.,Bachelor of Science in Wildlife Management,SU022,"Two principal passes in Biology and one of the following subjects: Chemistry, Physics or Geography.",4.0,80,3,
221,"Sokoine University of Agriculture (SUA), Morogoro",17.,Bachelor of Science in Irrigation and Water Resource Engineering,SU023,"Two principal passes in Advanced Mathematics and one of the following subjects: Physics, Chemistry or Geography. In addition, the applicant must have obtained at least a PASS “D” grade in Physics and Chemistry or Biology or Science and Practice in Agriculture at O-Level.",4.0,65,4,
222,"Sokoine University of Agriculture (SUA), Morogoro",18.,Bachelor of Science in Human Nutrition,SU026,"Two principal passes in Chemistry, and any of the following subjects: Biology, Home Economics, Science and Practice of Agriculture, Food and Human Nutrition, Advanced Mathematics, Physics, or Geography",4.0,200,3,
222,"Sokoine University of Agriculture (SUA), Morogoro",20.,Bachelor of Information and Records Management,SU029,"Two principal passes in any of the following subjects: History, Kiswahili, English, Economics, Accountancy, Nutrition, Biology, Chemistry, Physics, Geography, Advanced Mathematics, Computer Science or Science and Practice of Agriculture.",4.0,100,3,
222,"Sokoine University of Agriculture (SUA), Morogoro",21.,Bachelor of Community Development,SU030,"Two principal passes in the following subjects: History, Geography, Economics, Biology, Chemistry, Agriculture, Accountancy, Commerce, Kiswahili,EnglishLanguage,Advanced Mathematics or Physics.",4.0,800,3,
223,"Sokoine University of Agriculture (SUA), Morogoro",22.,Bachelor of Agricultural Investment and Banking,SU031,"Two principal passes in the following subjects: Economics, Advanced Mathematics, Geography, Accountancy, Commerce, Physics, Chemistry, Food and Nutrition, Agriculture or Biology. In addition, an applicant must have a minimum of a “D” grade in Basic Mathematics at O-Level.",4.0,80,3,
223,"Sokoine University of Agriculture (SUA), Morogoro",23.,Bachelor of Crop production and Management,SU032,"Two principal passes in Chemistry and Biology and a subsidiary pass in one of the following subjects: Geography, Physics or Agriculture or Advanced Mathematics.",4.5,80,3,
223,"Sokoine University of Agriculture (SUA), Morogoro",24.,Bachelor of Development Planning and Management,SU034,"Two principal passes in the following subjects: History, Geography, Economics, Advanced Mathematics, Commerce, Accountancy, Physics, Chemistry, Biology, Nutrition or Agriculture. In addition, an applicant must have a minimum of “D” grade in Basic Mathematics at O-Level.",4.0,70,3,
224,"Sokoine University of Agriculture (SUA), Morogoro",25.,Bachelor of Science in Wood Technologies and Value Addition,SU035,"Two principal passes in the following subject: Geography, Advanced Mathematics, Physics, Chemistry, Biology, Nutrition or Agriculture.",4.0,40,3,
224,"Sokoine University of Agriculture (SUA), Morogoro",27.,Bachelor of Crop Production with Education,SU038,"Two principal passes in the following subjects: Chemistry, Nutrition, Biology, Agriculture, Physics or Geography. In addition, the applicant must have at least a subsidiary pass in one of the following subjects: Geography, Physics or Science and Practice of Agriculture or Advanced Mathematics.",4.0,80,3,
224,"Sokoine University of Agriculture (SUA), Morogoro",28.,Bachelor of Textiles and Clothing with Education,SU039,Two principal passes in Textile and Garment Construction or Fine Art or any science subjects in A-level.,4.0,40,3,
224,"Sokoine University of Agriculture (SUA), Morogoro",29.,Bachelor of Horticulture with education,SU040,"Two principal passes in Biology and Chemistry and a subsidiary pass in one of the following subjects: Geography, Physics or Agriculture",4.0,80,3,
227,"Sokoine University of Agriculture - Mizengo Pinda Campus College (SUA-MPCCo), Katavi",1,Bachelor of Science in Bee Resources Management,SUP01,"Two principal passes in Biology and one of the following subjects: Chemistry, Physics, Agriculture, Nutrition or Geography.",4.0,80,3,
228,"Songea Catholic Institute of Technical Education (SOCAITE) , Songea",1.,Bachelor of Community Development,SCITE01,Two Principal passes in Science or Arts subjects.,4.0,100,3,
228,"Songea Catholic Institute of Technical Education (SOCAITE) , Songea",2.,Bachelor of Education History and Kiswahili,SCITE02,Two Principal passes in Science or Arts subjects.,4.0,100,3,
229,"St. Augustine University of Tanzania (SAUT), Mwanza",1.,Bachelor of Arts in Mass Communication,SA001,"Two principal passes in the following subjects: English, History, Kiswahili Geography, Economics, Mathematics, Chemistry, French or Physics.",4.0,200,3,
229,"St. Augustine University of Tanzania (SAUT), Mwanza",2.,Bachelor of Arts in Public Relations and Marketing,SA002,"Two principal passes in the following subjects: English, History, Kiswahili, Geography, French, Arabic, Fine Art, Economics, Commerce, Accountancy, Physics, Chemistry, Biology, Advanced Mathematics, Agriculture, Computer Science or Nutrition If one of the principals is not English an applicant must have at least a subsidiary pass in English or a minimum of “C” grade in English at O-Level.",4.0,100,3,
229,"St. Augustine University of Tanzania (SAUT), Mwanza",3.,Bachelor of Business Administration,SA003,"Two principal passes in the following subjects: Advanced Mathematics, Economics, Accountancy, Commerce, History, Geography, Physics, Chemistry, or Biology.",4.0,450,3,
230,"St. Augustine University of Tanzania (SAUT), Mwanza",4.,Bachelor of Arts in Economics,SA004,"Two principal passes in the following subjects: Economics, Advanced Mathematics, History, Geography, Kiswahili, English Language, French, Arabic, Fine Art, Commerce, Accountancy, Physics, Chemistry, Biology, Agriculture, Computer Science or Nutrition. If one of the principals is not Advanced/Basic Applied Mathematics, an applicant must have a minimum of “D” grade in Basic Mathematics at O-Level.",4.0,250,3,
230,"St. Augustine University of Tanzania (SAUT), Mwanza",5.,Bachelor of Arts with Education,SA005,"Two principal passes in the following subjects: Kiswahili, English, History, Geography, or Economics.",4.0,1000,3,
230,"St. Augustine University of Tanzania (SAUT), Mwanza",6.,Bachelor of Arts in Sociology,SA008,"Two principal passes in the following subjects: English, History, Kiswahili, Geography, French, Fine Art, Economics, Commerce, Accountancy, Physics, Chemistry, Biology, Mathematics, Agriculture, Computer Science or Nutrition.",4.0,100,3,
231,"St. Augustine University of Tanzania (SAUT), Mwanza",7.,Bachelor of Science in Procurement and Supply Chain Management,SA011,"Two principal passes in the following subjects:Accountancy,Economics, Advanced Mathematics, Commerce, Physics, Biology, Chemistry, History or Geography.",4.0,70,3,
231,"St. Augustine University of Tanzania (SAUT), Mwanza",8.,Bachelor of Science in Electrical Engineering,SA012,"Two principal passes in Physics and Advanced Mathematics. In addition, an applicant MUST HAVE a subsidiary pass in Chemistry at A- Level or a minimum of “C” grade in Chemistry at O-Level. OR Certificate in foundation programme of OUT with a minimum GPA of 3.0 in the Science cluster",4.0,80,4,
231,"St. Augustine University of Tanzania (SAUT), Mwanza",9.,Bachelor of Science in Civil Engineering,SA013,"Two principal passes in Physics and Advanced Mathematics. In addition, an applicant MUST HAVE a subsidiary pass in Chemistry at A-Level or a minimum of “C” grade in Chemistry at O-Level.",4.0,50,4,
231,"St. Augustine University of Tanzania (SAUT), Mwanza",10.,Bachelor of Science in Tourism and Hospitality Management,SA014,"Two principal passes in the following subjects: Biology, Geography, Chemistry, Physics, History, Agriculture, English, History, Nutrition, Economics or Advanced Mathematics.",4.0,50,3,
234,"St. Augustine University of Tanzania (SAUT) Arusha Centre, Arusha",1.,Bachelor of Arts with Education,SAA01,"Two principal passes in the following Arts subjects: Kiswahili, English, History, Geography, Advanced Mathematics or Economics.",4.0,190,3,
234,"St. Augustine University of Tanzania (SAUT) Arusha Centre, Arusha",2.,Bachelor of Science in Tourism,SAA02,"Two principal passes in the following subjects: Biology, Geography, Chemistry, Physics, History, Agriculture, English, Kiswahili, French, Nutrition, Economics, Mathematics, Commerce or Accountancy.",4.0,160,3,
234,"St. Augustine University of Tanzania (SAUT) Arusha Centre, Arusha",3.,Bachelor of Laws,SAA03,"Two principal passes in the following subjects: History, Geography, Kiswahili, English Language, French, Arabic, Fine Arts, Economics, Commerce, Accountancy or Advanced Mathematics.",4.0,70,4,
235,"St. Augustine University of Tanzania (SAUT) Arusha Centre, Arusha",4.,Bachelor of Accounting and Finance,SAA04,"Two principal passes in the following subjects: History, Geography, Kiswahili, English Language, Literature in English, French, Arabic, Fine Art, Economics, Commerce, Accountancy, Physics, Chemistry, Biology, Advanced Mathematics, Agriculture, Computer Science or Nutrition. If one of the Passes do not include Advanced Mathematics, an applicant must have a minimum of a “D” grade in a pass in Basic Mathematics, or Commerce or Book-keeping at O level is required.",4.0,100,3,
236,"St. Francis University College of Health and Allied Sciences (SFUCHAS), Ifakara",1.,Doctor of Medicine,SF001,"Three principal passes in Physics, Chemistry, and Biology with minimum of 6 points: A minimum of D grade in Chemistry, Biology and Physics.",6.0,150,5,
237,"St. John's University of Tanzania (SJUT), Dodoma",1.,Bachelor of Arts with Education,SJ001,"Two principal passes in the following subjects: History, Geography, Kiswahili, English Language, French, Arabic, Fine Arts, Economics, Commerce, Accountancy or Advanced Mathematics.",4.0,500,3,
237,"St. John's University of Tanzania (SJUT), Dodoma",2.,Bachelor of Science with Education,SJ002,"Two principal passes in the following subjects: Physics, Chemistry, Biology, Geography, Advanced Mathematics, Agriculture, Computer Science.",4.0,500,3,
237,"St. John's University of Tanzania (SJUT), Dodoma",3.,Bachelor of Business Administration,SJ004,"Two principal passes in the following subjects: History, Geography, Kiswahili, English Language, French, Arabic, Fine Arts, Economics, Commerce, Accountancy, Physics, Chemistry, Biology, Advanced Mathematics, Agriculture, Computer Science.",4.0,70,3,
238,"St. John's University of Tanzania (SJUT), Dodoma",4.,Bachelor of Science in Nursing,SJ006,"Three principal passes in Chemistry, Biology and either Physics or Advanced Mathematics or Nutrition with a minimum of 6 points: A minimum of C grade in Chemistry and D grade in Biology and at least E grade in Physics or Advanced Mathematics or Nutrition.",6.0,100,4,
238,"St. John's University of Tanzania (SJUT), Dodoma",5.,Bachelor of Commerce with Education,SJ013,"Two principal passes in Mathematics, Accountancy, Economics, Commerce, Physics, Chemistry, Biology, History, Geography and Agriculture.",4.0,100,3,
238,"St. John's University of Tanzania (SJUT), Dodoma",6.,Bachelor of Accounting and Finance,SJ014,"Two principal passes in the following subjects: Economics, Accountancy, Mathematics, Commerce, Physics, History, Biology, Chemistry, Geography and Agriculture.",4.0,100,3,
238,"St. John's University of Tanzania (SJUT), Dodoma",7.,Bachelor of Arts in Theology,SJ015,"Two principal passes in the following subjects: Divinity, History, Geography, Kiswahili, English Language, French, Arabic, Fine Arts, Economics, Commerce, Accountancy, Advanced Mathematics, Agriculture, Computer Science or Nutrition.",4.0,100,3,
239,"St. John's University of Tanzania (SJUT), Dodoma",8.,Bachelor of Science in Information Technology,SJ016,"Two principal passes in the following subjects: Advanced Mathematics, Physics, Chemistry, Geography, Biology, Economics, Accountancy, Commerce or Computer Science. If one of the principal passes is Not in Advanced Mathematics an applicant must have a subsidiary pass in Advanced Mathematics/Basic Applied Mathematics at A- Level.",4.0,70,3,
239,"St. John's University of Tanzania (SJUT), Dodoma",9.,Bachelor of Health Services Management,SJ017,"Two principal passes in the following subjects: History, Geography, Kiswahili, English Language, French, Arabic, Fine Art, Economics, Commerce, Accountancy, Physics, Chemistry, Biology, Advanced Mathematics, Agriculture, Computer Science or Nutrition.",4.0,60,3,
239,"St. John's University of Tanzania (SJUT), Dodoma",10.,Bachelor of Arts in Urban Mission,SJ018,"Two principal passes or its equivalent in science, arts and commercialBachelor of Arts in Community Development combinations.",4.0,80,3,
241,"St. Joseph University College of Health and Allied Sciences (SJCHAS), Dar es Salaam",1.,Doctor of Medicine,JDH01,"Three principal passes in Physics, Chemistry, and Biology with minimum of 6 points: A minimum of D grade in Chemistry, Biology and Physics.",6.0,170,5,
242,"St. Joseph University College of Engineering and Technology (SJCET), Dar es Salaam",1.,Bachelor of Science in Civil Engineering,JD001,"Two principal passes in the following subjects: Advanced Mathematics, Physics, Physics-Chemistry or Construction. An applicant without a principal pass in Advanced Mathematics and Physics MUST HAVE a minimum of “C” grade at O-Level.",4.0,140,4,
242,"St. Joseph University College of Engineering and Technology (SJCET), Dar es Salaam",2.,Bachelor of Science in Computer Engineering and Information Technology,JD002,"Two principal passes in the following subjects: Advanced Mathematics, Physics, Physics-Chemistry or Computer Studies or Computer Science. An applicant without a principal pass in Advanced Mathematics and Physics MUST HAVE a minimum of “C” grade at O-Level.",4.0,30,4,
242,"St. Joseph University College of Engineering and Technology (SJCET), Dar es Salaam",3.,Bachelor of Science Electrical and Electronics Engineering,JD003,"Two principal passes in the following subjects: Advanced Mathematics, Physics, Physics-Chemistry or Electricity. An applicant without a principal pass in Advanced Mathematics and Physics MUST HAVE a minimum of “C” grade at O-Level.",4.0,140,4,
243,"St. Joseph University College of Engineering and Technology (SJCET), Dar es Salaam",4.,Bachelor of Science in Electronics and Telecommunicatio n Engineering,JD004,Two principal passes in the following subjects: Advanced Mathematics and Physics or Physics- Chemistry or Electricity. An applicant without a principal pass in Advanced Mathematics and Physics MUST HAVE a minimum of “C” grade at O-Level.,4.0,140,4,
243,"St. Joseph University College of Engineering and Technology (SJCET), Dar es Salaam",5.,Bachelor of Science in Information Systems and Network Engineering,JD005,Two principal passes in Advanced Mathematics and Physics or Chemistry or Physics-Chemistry or Computer Science or Computer Studies or Mechanical or Electrical. An applicant without a principal pass in Advanced Mathematics and Physics MUST HAVE a minimum of “C” grade at O-Level.,4.0,30,4,
243,"St. Joseph University College of Engineering and Technology (SJCET), Dar es Salaam",6.,Bachelor of Science in Mechanical Engineering,JD006,"Two principal passes in the following subjects: Advanced Mathematics, Physics, Chemistry or Physics-Chemistry or Electricity. An applicant without a principal pass in Advanced Mathematics and Physics MUST HAVE a minimum of “C” grade at O-Level",4.0,100,4,
244,"St. Joseph University College of Engineering and Technology (SJCET), Dar es Salaam",7.,Bachelor of Science with Education,JD008,"Two principal passes in either of the following subjects: Chemistry, Biology, Physics, Computer Science and Advanced Mathematics.",4.0,200,3,
244,"St. Joseph University College of Engineering and Technology (SJCET), Dar es Salaam",8.,Bachelor of Science in Computer Science,JD009,"Two principal passes in the following subjects: Advanced Mathematics, Biology, Physics or Chemistry.",4.0,100,3,
244,"St. Joseph University College of Engineering and Technology (SJCET), Dar es Salaam",9.,Bachelor of Science in Artificial Intelligence and Machine Learning,JD010,"Two principal passes in the following subjects: Advanced Mathematics, Biology, Physics or Chemistry.",4.0,100,3,
244,"St. Joseph University College of Engineering and Technology (SJCET), Dar es Salaam",10.,Bachelor of Science in Quantity Surveying,JD011,"Two principal passes in the following subjects: Mathematics, Physics, Chemistry, Economics, or Geography.",4.0,50,4,
246,"State University of Zanzibar (SUZA), Zanzibar",1.,Doctor of Medicine,SZ001,"Three principal passes in Physics, Chemistry and Biology with minimum of 6 points. A minimum of ‘’D’’ grade in Chemistry, Biology and Physics.",6.0,50,5,
246,"State University of Zanzibar (SUZA), Zanzibar",2.,Bachelor of Science with Education,SZ002,"Two principal passes in the following subjects: Physics, Chemistry, Biology, Geography,Advanced Mathematics or Computer Science.",4.0,150,3,
246,"State University of Zanzibar (SUZA), Zanzibar",3.,Bachelor of Information Technology Application and Management,SZ003,"Two principal passes in the following subjects: History, Geography, Kiswahili, English Language, Fine Arts, Economics, Commerce, Accountancy, Physics, Chemistry, Biology, Advanced Mathematics, Agriculture, Computer Science or Nutrition.",4.0,40,3,
246,"State University of Zanzibar (SUZA), Zanzibar",4.,Bachelor of Science in Environmental Health,SZ004,"Three principal passes in Chemistry, Biology and either Physics or Mathematics or Nutrition or Geography or Agriculture with a minimum of 6 points. A minimum of ‘’C’’ grade in Chemistry and D grade in Biology and at least E grade in Physics or Advanced Mathematics or Nutrition or Geography or Agriculture.",6.0,45,3,
247,"State University of Zanzibar (SUZA), Zanzibar",5.,Bachelor of Science in Computer Science,SZ005,"Two principal passes in Advanced Mathematics/Computer Science and in one of the following subjects: Geography, Economics, Commerce, Accountancy, Physics, Chemistry, or Biology.",4.0,30,3,
247,"State University of Zanzibar (SUZA), Zanzibar",6.,Bachelor of Arts with Education,SZ006,"Two principal passes in the following subjects: History, Geography, Kiswahili, English Language or Arabic.",4.0,200,3,
247,"State University of Zanzibar (SUZA), Zanzibar",7.,Bachelor Degree in Accounting and Finance,SZ008,"Two principal passes in the following subjects: History, Geography, Economics, Commerce, Accountancy, Physics, Chemistry, Biology, Advanced Mathematics, Agriculture, Kiswahili, English Language, French, Computer Science or Nutrition. If one of the principal passes is not in Advanced Mathematics or Economics, Accountancy or Commerce an applicant MUST HAVE a minimum of “D” grade in Basic Mathematics or Commerce or Book-Keeping at O-Level.",4.0,110,3,
248,"State University of Zanzibar (SUZA), Zanzibar",8.,Bachelor of Banking and Finance,SZ009,"Two principal passes in the following subjects: History, Geography, Fine Arts, Economics, Commerce, Accountancy, Physics, Chemistry, Biology, Advanced Mathematics, Agriculture, Kiswahili, English Language, Computer Science or Nutrition. In addition, an applicant MUST HAVE a subsidiary pass in Advanced Mathematics / Basic Applied Mathematics at A-Level or a minimum of “D” grade in Mathematics or Commerce or Book- keeping at O-Level.",4.0,50,3,
249,"State University of Zanzibar (SUZA), Zanzibar",9.,Bachelor Degree in Information Technology with Accounting,SZ011,"Two principal passes in the following subjects: History, Geography, Kiswahili, English Language, French, Fine Arts, Economics, Commerce, Accountancy, Physics, Chemistry, Biology, Advanced Mathematics, Agriculture, Computer Science or Nutrition. In addition, an applicant MUST HAVE a subsidiary pass in Advanced Mathematics / Basic Applied Mathematics at A-Level or a minimum of “D” grade in Mathematics or Commerce or Book- keeping at O-Level.",4.0,50,3,
250,"State University of Zanzibar (SUZA), Zanzibar",10.,Bachelor of Arts in History and Archaeology,SZ012,"Two principal passes in History and in one of the following subjects: Geography, Kiswahili, English Language, French, Fasihi ya Kiswahili, Literature in English, Arabic, Fine Arts, Economics, Commerce, Accountancy, Physics, Chemistry, Biology, Advanced Mathematics, Agriculture, Computer Science or Nutrition.",4.0,20,3,
250,"State University of Zanzibar (SUZA), Zanzibar",12.,Bachelor of Arts in Tourism Management and Marketing,SZ014,"Two principal passes in the following subjects: History, Geography, Kiswahili, English Language, French, Arabic, Fine Arts, Economics, Fasihi ya Kiswahili, Literature in English, Chinese, Islamic Knowledge, Divinity, Sports, Tourism, Music, Commerce, Accountancy or Advanced Mathematics. Biology, Chemistry, Computer Science or Nutrition.",4.0,50,3,
251,"State University of Zanzibar (SUZA), Zanzibar",13.,Bachelor of Science in Nursing,SZ015,"Three principal passes in Chemistry, Biology and either Physics or Advanced Mathematics or Nutrition with a minimum of 6 points. A minimum of C grade in Chemistry and ‘’D’’ grade in Biology and at least ‘’E’’ grade in Physics or Advanced Mathematics or Nutrition.",6.0,40,3,
251,"State University of Zanzibar (SUZA), Zanzibar",14.,Bachelor of Science in Agriculture General,SZ016,"Two principal passes in Biology and in one of the following subjects: Chemistry, Physics, Advanced Mathematics, Geography, Agriculture or Nutrition.",4.0,30,3,
251,"State University of Zanzibar (SUZA), Zanzibar",15.,Doctor of Dental Surgery,SZ017,"Three principal passes in Physics, Chemistry and Biology with a minimum of 6 points. A minimum of ‘’D’’ grade in Chemistry, Biology and Physics.",6.0,8,5,
251,"State University of Zanzibar (SUZA), Zanzibar",16.,Bachelor of Entrepreneurs hip and Innovation,SZ018,"Two principal passes in the following subjects: History, Geography, Kiswahili, English Language, Arabic, French, Fine Arts, Economics, Fasihi ya Kiswahili, Literature in English, Sports, Tourism, Music, Commerce, Accountancy,Physics, Chemistry, Biology, Advanced Mathematics, Agriculture, Computer Science or Nutrition.",4.0,30,3,
252,"State University of Zanzibar (SUZA), Zanzibar",17.,Bachelor of Arts in Mass Communication,SZ019,"Two principal passes, one in English Language and one from the following subjects: History, Geography, Kiswahili, French, Arabic, Fine Arts, Economics, Commerce, Accountancy, Physics, Chemistry, Biology, Advanced Mathematics, Fasihi ya Kiswahili, Chinese, Islamic Knowledge, Divinity, Sports, Music Agriculture, Computer Science or Nutrition. If one of the principal passes is not English, an applicant must have a minimum of “D” grade in English at O-Level.",4.0,80,3,
252,"State University of Zanzibar (SUZA), Zanzibar",18.,Bachelor of Medical Laboratory Science,SZ020,"Three principal passes in Physics, Chemistry and Biology with a minimum of 6 points: A minimum of ‘’C’’ grade in Chemistry and ‘’D’’ grade in Biology and at least ‘’E’’ grade in Physics.",6.0,20,3,
252,"State University of Zanzibar (SUZA), Zanzibar",19.,Bachelor of Science in Urban Planning and Sustainable Development,SZ021,"Two principal passes in Geography and in one of the following subjects: History, Kiswahili, English Language, French, Arabic, Fasihi ya Kiswahili, Literature in English, Fine Arts, Economics, Commerce, Accountancy, Physics, Chemistry, Biology, Advanced Mathematics, Agriculture, Computer Science or Nutrition.",4.0,80,3,
252,"State University of Zanzibar (SUZA), Zanzibar",20.,Bachelor of,SZ022,Two principal passes in Biology/Agriculture and one of the,4.0,25,3,
255,"Stella Maris Mtwara University College (STEMMUCo), Mtwara",1.,Bachelor of Arts with Education,SAM01,"Two principal passes in the following Arts subjects: History, Kiswahili, English Language, Literature in English, Geography, Economics, Commerce, Accountancy, Mathematics.",4.0,1000,3,
255,"Stella Maris Mtwara University College (STEMMUCo), Mtwara",2.,Bachelor of Arts in Sociology,SAM02,"Two principal passes in the following subjects: History, Kiswahili, English Language, Literature in English, Geography, Economics, Commerce, Accountancy, Mathematics, Biology, Physics, Chemistry, Agriculture, Nutrition.",4.0,150,3,
256,"Stella Maris Mtwara University College (STEMMUCo), Mtwara",4.,Bachelor of Philosophy with Political Science,SAM04,"Two principal passes in the following subjects: History, Kiswahili, English Language, Literature in English, French, Geography, Mathematics, Chemistry, Physics, Biology, Accountancy, Agriculture, Nutrition, Economics.",4.0,100,3,
256,"Stella Maris Mtwara University College (STEMMUCo), Mtwara",5.,Bachelor of Laws,SAM05,Two principal passes in Arts subjects at ‘A Level'. If the principal passes do not include English or History an applicant must have a minimum of a “D” grade in English or History at O-Level.,4.0,200,4,
257,"Stella Maris Mtwara University College (STEMMUCo), Mtwara",7.,Bachelor of Arts in Economics,SAM07,"Two principal passes at 'A Level', one of which must be Economics and one the following subjects: History, Geography, Commerce, Accountancy, Advanced Mathematics, Computer Science.",4.0,85,3,
257,"Stella Maris Mtwara University College (STEMMUCo), Mtwara",8.,Bachelor of Science with Education,SAM09,"Two principal passes in either of the following subjects: Mathematics, Geography and Chemistry.",4.0,100,3,
258,"Tanzania Institute of Accountancy (TIA), Dar es Salaam",1.,Bachelor Degree in Accounting,TA001,"Two principal passes in the following subjects: Accountancy, Economics, advanced Mathematics, Geography, Physics, Biology, Chemistry or Commerce, Agriculture, English Language, History, English literature, French, Arabic, Nutrition, book-keeping fine Arts, Computer Sciences or Kiswahili. If one of the principal passes is not Advanced Mathematics, an applicant MUST HAVE a subsidiary pass in Basic Applied Mathematics at A-Level or a minimum of “D” grade in Mathematics at O-Level.",4.0,300,3,
258,"Tanzania Institute of Accountancy (TIA), Dar es Salaam",2.,Bachelor Degree in Procurement and Logistics Management,TA002,"Two principal passes in the following subjects: History, Geography, Kiswahili, English Language, French, Arabic, Fine Arts, Economics, Commerce, Accountancy, Physics, Chemistry, Biology, Food and Human Nutrition, Advanced Mathematics, Agriculture, Computer Science, Entrepreneurship, Chinees, Education, Business studies, Music, Sports, Fasihi ya Kiswahili, Literature in English, Theatre Arts, Textile and Garment Construction, or Nutrition.",4.0,300,3,
259,"Tanzania Institute of Accountancy (TIA), Dar es Salaam",3.,Bachelor Degree in Human Resource Management,TA003,"Two principal passes in the following subjects: History, Geography, Kiswahili, English Language, French, Arabic, Fine Arts, Economics, Commerce, Accountancy, Physics, Chemistry, Biology, Food and Human Nutrition, Advanced Mathematics, Agriculture, Entrepreneurship, Computer Science, Chinees, Education, Business studies, Music, Sports, Fasihi ya Kiswahili, Literature in English, Theatre Arts, Textile and Garment Construction, or Nutrition.",4.0,150,3,
259,"Tanzania Institute of Accountancy (TIA), Dar es Salaam",4.,Bachelor Degree in Business Administration,TA004,"Two principal passes in the following subjects: Accountancy, History, Geography, Kiswahili, English Language, French, Arabic, Fine Arts, Economics, Commerce, Accountancy, Physics, Chemistry, Biology, Food and Human Nutrition, Advanced Mathematics, Agriculture, Computer Science, Entrepreneurship, Chinees, Education, Business studies, Music, Sports, Fasihi ya Kiswahili, Literature in English, Theatre Arts, Textile and Garment Construction, or Nutrition.",4.0,200,3,
259,"Tanzania Institute of Accountancy (TIA), Dar es Salaam",5.,Bachelor Degree in Public Sector Accounting and Finance,TA005,"Two principal passes in the following subjects: Accountancy, Economics, advanced Mathematics, Geography, Physics, Biology, Chemistry or Commerce, Agriculture, English Language, History, English literature, French, Arabic, Nutrition, fine arts, computer science and Kiswahili. If one of the principal passes is not Advanced Mathematics, an applicant MUST HAVE a subsidiary pass in Basic Applied Mathematics at A-Level or a minimum of “D” grade in Mathematics at O-Level.",4.0,200,3,
260,"Tanzania Institute of Accountancy (TIA), Dar es Salaam",6.,Bachelor Degree in Marketing and Public Relations,TA006,"Two principal passes in the following subjects: Accountancy, Economics, advanced Mathematics, Geography, Physics, Biology, Chemistry, Commerce, Agriculture, English Language, History, English literature, French, Arabic, Nutrition, fine arts, computer science, Kiswahili, Chinees, Entrepreneurship, Education, Business studies, Music, Sports, Fasihi ya Kiswahili, Literature in English, Theatre Arts, Textile and Garment Construction, or Food and Human Nutrition.",4.0,200,3,
260,"Tanzania Institute of Accountancy (TIA), Dar es Salaam",7.,Bachelor of Business Development with Entrepreneurship,TA007,"Two principal passes in the following subjects: Accountancy, Economics, advanced Mathematics, Geography, Physics, Biology, Chemistry, Commerce, Agriculture, English Language, History, English literature, French, Arabic, Nutrition, Chinees, Education, Business studies, Music, Sports, Fasihi ya Kiswahili, Literature in",4.0,300,3,
262,"Tanzania Institute of Accountancy (TIA), Mbeya",1.,Bachelor Degree in Accounting,TAM01,"Two principal passes in the following subjects: Accountancy, Economics, advanced Mathematics, Geography, Physics, Biology, Chemistry or Commerce, Agriculture, English Language, History, English literature, French, Arabic, Nutrition, fine Arts, Computer Sciences or Kiswahili. If one of the principal passes is not Advanced Mathematics, an applicant MUST HAVE a subsidiary pass in Basic Applied Mathematics at A-Level or a minimum of “D” grade in Mathematics at O-Level.",4.0,500,3,
262,"Tanzania Institute of Accountancy (TIA), Mbeya",2.,Bachelor Degree in Procurement and Logistics Management,TAM02,"Two principal passes in the following subjects: History, Geography, Kiswahili, English Language, French, Arabic, Fine Arts, Economics, Commerce, Accountancy, Physics, Chemistry, Biology, Food and Human Nutrition, Advanced Mathematics, Agriculture, Computer Science, Entrepreneurship, Chinees, Education, Business studies, Music, Sports, Fasihi ya Kiswahili, Literature in English, Theatre Arts, Textile and Garment Construction, or Nutrition.",4.0,500,3,
263,"Tanzania Institute of Accountancy (TIA), Mbeya",3.,Bachelor Degree in Marketing and Public Relations,TAM03,"Two principal passes with a minimum of 4 points in the following subjects: Accountancy, Economics, advanced Mathematics, Geography, Physics, Biology, Chemistry, Commerce, Agriculture, English Language, History, English literature, French, Arabic, Nutrition, fine arts, computer science, Kiswahili, Chinees, Entrepreneurship, Education, Business studies, Music, Sports, Fasihi ya Kiswahili, Literature in English, Theatre Arts, Textile and Garment Construction, or Food and Human Nutrition.",4.0,400,3,
263,"Tanzania Institute of Accountancy (TIA), Mbeya",4.,Bachelor Degree in Public Sector Accounting and Finance,TAM04,"Two principal passes in the following subjects: Accountancy, Economics, advanced Mathematics, Geography, Physics, Biology, Chemistry or Commerce, Agriculture, English Language, History, English literature, French, Arabic, Nutrition, fine arts, computer science and Kiswahili. If one of the principal passes is not Advanced Mathematics, an applicant MUST HAVE a subsidiary pass in Basic Applied Mathematics at A-Level or a minimum of “D” grade in Mathematics at O-Level.",4.0,300,3,
265,"Tanzania Institute of Accountancy (TIA), Mwanza",1.,Bachelor Degree in Accountancy,TAMZ1,"Two principal passes in the following subjects: Accountancy, Economics, advanced Mathematics, Geography, Physics, Biology, Chemistry or Commerce, Agriculture, English Language, History, English literature, French, Arabic, Nutrition, fine Arts, Computer Sciences or Kiswahili. If one of the principal passes is not Advanced Mathematics, an applicant must have a subsidiary pass in Basic Applied Mathematics at A-Level or a minimum of “D” grade in Mathematics at O-Level.",4.0,100,3,
265,"Tanzania Institute of Accountancy (TIA), Mwanza",2.,Bachelor Degree in Procurement and Logistic Management,TAMZ2,"Two principal passes in the following subjects: History, Geography, Kiswahili, English Language, French, Arabic, Fine Art, Economics, Commerce, Accountancy, Physics, Chemistry, Biology, Advanced Mathematics, Agriculture, Computer Science or Nutrition.",4.0,100,3,
265,"Tanzania Institute of Accountancy (TIA), Mwanza",3.,Bachelor Degree in Marketing and Public relations,TAMZ3,"Two principal passes in the following subjects: History, Geography, Kiswahili, English Language, French, Arabic, Fine Arts, Economics, Commerce, Accountancy, Physics, Chemistry, Biology, Advanced Mathematics, Agriculture, Computer Science, Chinese, Education, Business studies, Music, Sports, Fasihi ya Kiswahili, Literature in English Entrepreneurship, English literature, Food and Human Nutrition, Theatre Arts, Textile and Garment Construction, or Nutrition.",4.0,100,3,
266,"Tanzania Institute of Accountancy (TIA), Mwanza",4.,Bachelor Degree in Human Resource Management,TAMZ4,"Two principal passes with a minimum of 4 points in the following subjects: History, Geography, Kiswahili, English Language, French, Arabic, Fine Arts, Economics, Commerce, Accountancy, Physics, Chemistry, Biology, Food and Human Nutrition, Advanced Mathematics, Agriculture, Entrepreneurship, Computer Science, Chinese, Education, Business studies, Music, Sports, Fasihi ya Kiswahili, Literature in English, Theatre Arts, Textile and Garment Construction, Chinese, Education, Business studies, Music, Sports, Fasihi ya Kiswahili, Literature in English, Theatre Arts, Textile and Garment Construction, or Nutrition.",4.0,100,3,
266,"Tanzania Institute of Accountancy (TIA), Mwanza",5.,Bachelor Degree in Education with Accountancy and Business Studies,TAMZ5,"Two principal passes in the following subjects: History, Geography, Kiswahili, English Language, French, Arabic, Fine Art, Economics, Commerce, Accountancy, Physics, Chemistry, Biology, Advanced Mathematics, Agriculture, Computer Science or Nutrition",4.0,100,3,
268,"Tanzania Institute of Accountancy (TIA), Mtwara",1.,Bachelor Degree in Accountancy,TAMT01,"Two principal passes in the following subjects: Accountancy, Economics, advanced Mathematics, Geography, Physics, Biology, Chemistry or Commerce, Agriculture, English Language, History, English literature, French, Arabic, Nutrition, fine Art, Computer Sciences or Kiswahili. If one of the principal passes is not Advanced Mathematics, an applicant MUST HAVE a subsidiary pass in Basic Applied Mathematics at A-Level or a minimum of “D” grade in Mathematics at O-Level.",4.0,100,3,
268,"Tanzania Institute of Accountancy (TIA), Mtwara",2.,Bachelor Degree in Procurement and Logistic Management,TAMT02,"Two principal passes in the following subjects: History, Geography, Kiswahili, English Language, French, Arabic, Fine Arts, Economics, Commerce, Accountancy, Physics, Chemistry, Biology, Food and Human Nutrition, Advanced Mathematics, Agriculture, Computer Science, Entrepreneurship, Chinees, Education, Business studies, Music, Sports, Fasihi ya Kiswahili, Literature in English, Theatre Arts, Textile and Garment Construction, or Nutrition.",4.0,100,3,
269,"Tanzania Institute of Accountancy (TIA), Mtwara",3.,Bachelor Degree in Human Resource Management,TAMT03,"Two principal passes in the following subjects: History, Geography, Kiswahili, English Language, French, Arabic, Fine Arts, Economics, Commerce, Accountancy, Physics, Chemistry, Biology, Food and Human Nutrition, Advanced Mathematics, Agriculture, Entrepreneurship, Computer Science, Chinees, Education, Business studies, Music, Sports, Fasihi ya Kiswahili, Literature in English, Theatre Arts, Textile and Garment Construction, Chinees, Education, Business studies, Music, Sports, Fasihi ya Kiswahili, Literature in English, Theatre Arts, Textile and Garment Construction, or Nutrition.",4.0,100,3,
270,"Tanzania Institute of Accountancy (TIA), Singida",1.,Bachelor Degree in Accountancy,TAS01,"Two principal passes in the following subjects: Accountancy, Economics, advanced Mathematics, Geography, Physics, Biology, Chemistry or Commerce, Agriculture, English Language, History, English literature, French, Arabic, Nutrition, book-keeping fine Arts, Computer Sciences or Kiswahili. If one of the principal passes is not Advanced Mathematics, an applicant MUST HAVE a subsidiary pass in Basic Applied Mathematics at A-Level or a minimum of “D” grade in Mathematics at O-Level.",4.0,125,3,
270,"Tanzania Institute of Accountancy (TIA), Singida",2.,Bachelor Degree in Business Administration,TAS02,"Two principal passes in the following subjects: Accountancy, History, Geography, Kiswahili, English Language, French, Arabic, Fine Arts, Economics, Commerce, Accountancy, Physics, Chemistry, Biology, Food and Human Nutrition, Advanced Mathematics, Agriculture, Computer Science, Entrepreneurship, Chinees, Education, Business studies, Music, Sports, Fasihi ya Kiswahili, Literature in English, Theatre Arts, Textile and Garment Construction, or Nutrition.",4.0,70,3,
271,"Tanzania Institute of Accountancy (TIA), Singida",3.,Bachelor Degree in Procurement and Logistic Management,TAS03,"Two principal passes in the following subjects: History, Geography, Kiswahili, English Language, French, Arabic, Fine Arts, Economics, Commerce, Accountancy, Physics, Chemistry, Biology, Food and Human Nutrition, Advanced Mathematics, Agriculture, Computer Science, Entrepreneurship, Chinees, Education, Business studies, Music, Sports, Fasihi ya Kiswahili, Literature in English, Theatre Arts, Textile and Garment Construction, or Nutrition.",4.0,125,3,
271,"Tanzania Institute of Accountancy (TIA), Singida",4.,Bachelor Degree in Human Resource Management,TAS04,"Two principal passes with a minimum of 4 points in the following subjects: History, Geography, Kiswahili, English Language, French, Arabic, Fine Arts, Economics, Commerce, Accountancy, Physics, Chemistry, Biology, Food and Human Nutrition, Advanced Mathematics, Agriculture, Entrepreneurship, Computer Science, Chinees, Education, Business studies, Music, Sports, Fasihi ya Kiswahili, Literature in English, Theatre Arts, Textile and Garment Construction, Chinees, Education, Business studies, Music,",4.0,75,3,
273,"Tanzania Institute of Accountancy (TIA), Kigoma",1.,Bachelor Degree in Accounting,TAK01,"Two principal passes in the following subjects: Accountancy, Economics, advanced Mathematics, Geography, Physics, Biology, Chemistry or Commerce, Agriculture, English Language, History, English literature, French, Arabic, Nutrition, book-keeping fine Arts, Computer Sciences or Kiswahili. If one of the principal passes is not Advanced Mathematics, an applicant must have a subsidiary pass in Basic Applied Mathematics at A-Level or a minimum of “D” grade in Mathematics at O-Level.",4.0,200,3,
273,"Tanzania Institute of Accountancy (TIA), Kigoma",2.,Bachelor Degree in Procurement and Logistics Management,TAK02,"Two principal passes in the following subjects: History, Geography, Kiswahili, English Language, French, Arabic, Fine Arts, Economics, Commerce, Accountancy, Physics, Chemistry, Biology, Advanced Mathematics, Agriculture, Computer Science or Nutrition.",4.0,100,3,
273,"Tanzania Institute of Accountancy (TIA), Kigoma",3.,Bachelor Degree in Human Resource Manageme nt,TAK03,"Two principal passes in the following subjects: History, Geography, Kiswahili, English Language, French, Arabic, Fine Arts, Economics, Commerce, Accountancy, Physics, Chemistry, Biology, Food and Human Nutrition, Advanced Mathematics, Agriculture, Entrepreneurship, Computer Science, Chinees, Education, Business studies, Music, Sports, Fasihi ya Kiswahili, Literature in English, Theatre Arts, Textile and Garment Construction, or Nutrition.",4.0,100,3,
274,"Tanzania Institute of Accountancy (TIA), Kigoma",4.,Bachelor Degree in Business Administration,TAK04,"Two principal passes with a minimum of 4 points in the following subjects: Accountancy, History, Geography, Kiswahili, English Language, French, Arabic, Fine Arts, Economics, Commerce, Accountancy, Physics, Chemistry, Biology, Food and Human Nutrition, Advanced Mathematics, Agriculture, Computer Science, Entrepreneurship, Chinees, Education, Business studies, Music, Sports, Fasihi ya Kiswahili, Literature in English, Theatre Arts, Textile and Garment Construction, or Nutrition.",4.0,100,3,
275,"Tanzania Institute of Accountancy (TIA), Tanga",1.,Bachelor Degree in Accountancy,TAN01,"Two principal passes in the following subjects: Accountancy, Economics, Advanced Mathematics, Geography, Physics, Biology, Chemistry, Commerce, Agriculture. An applicant must have a subsidiary pass in Advanced Mathematics/ Basic Applied Mathematics at A- Level or a minimum of “D” grade in Mathematics at O- Level.",4.0,150,3,
275,"Tanzania Institute of Accountancy (TIA), Tanga",2.,Bachelor Degree in Procurement and Logistic Management,TAN02,"Two principal in the following subjects: History, Geography, Kiswahili, English Language, French, Arabic, Fine Arts, Economics, Commerce, Accountancy, Physics, Chemistry, Biology, Food and Human Nutrition, Advanced Mathematics, Agriculture, Computer Science, Entrepreneurship, Chinees, Education, Business studies, Music, Sports, Fasihi ya Kiswahili, Literature in English, Theatre Arts, Textile and Garment Construction, or Nutrition.",4.0,150,3,
275,"Tanzania Institute of Accountancy (TIA), Tanga",3.,Bachelor degree in Human resource Management,TAN03,"Two principal passes in the following subjects: History, Geography, Kiswahili, English Language, French, Arabic, Fine Arts, Economics, Commerce, Accountancy, Physics, Chemistry, Biology, Food and Human Nutrition, Advanced Mathematics, Agriculture, Entrepreneurship, Computer",4.0,150,3,
277,"Tanzania Institute of Project Management (TIPM), Dar es Salaam",1.,Bachelor Degree in Business and Project Management,TPM01,"Two principal passes in Arts, Science or Business subjects.",4.0,50,3,
278,"Tanzania Public Service College (TPSC), Dar es Salaam",1.,"Bachelor Degree in Records, Archives and Information Management",TPSD1,"Two principal passes in the following subjects: History, Geography, Kiswahili, English Language, French Arabic, Fine Art, Economics, Commerce, Accountancy, Physics, Chemistry, Biology, Advanced Mathematics, Agriculture, Computer Science or Nutrition",4.0,100,3,
278,"Tanzania Public Service College (TPSC), Dar es Salaam",2.,Bachelor Degree in Secretarial Studies and Administration,TPSD2,"Two principal passes in the following subjects: History, Geography, Kiswahili, English Language, French Arabic, Fine Art, Economics, Commerce, Accountancy, Physics, Chemistry, Biology, Advanced Mathematics, Agriculture, Computer Science or Nutrition",4.0,100,3,
279,"Tanzania Public Service College (TPSC), Tabora",1.,"Bachelor Degree in Records, Archives and Information Management",TPS01,Two Principal Passes in Arts or Science Subjects.,4.0,100,3,
279,"Tanzania Public Service College (TPSC), Tabora",2.,Bachelor Degree in Secretarial Studies and Administration,TPS02,"Two principal passes in the following subjects: History, Geography, Kiswahili, English Language, French, Arabic, Fine Art, Economics, Commerce, Accountancy, Physics, Chemistry, Biology, Advanced Mathematics, Agriculture, Computer Science or Nutrition.",4.0,50,3,
280,"Tengeru Institute of Community Development (TICD), Arusha",1.,Bachelor Degree in Community Development,CD001,"Two principal passes in the following subjects: History, Geography, Kiswahili, English Language, French, Arabic, Fine Arts, Economics, Commerce, Accountancy, Physics, Chemistry, Biology, Advanced Mathematics, Agriculture, Computer Science or Nutrition.",4.0,70,3,
280,"Tengeru Institute of Community Development (TICD), Arusha",2.,Bachelor of Gender and Community Development,CD002,"Two principal passes in the following subjects: History, Geography, Kiswahili, English Language, French, Arabic, Fine Arts, Economics, Commerce, Accountancy, Physics, Chemistry, Biology, Advanced Mathematics, Agriculture, Computer Science or Nutrition.",4.0,100,3,
280,"Tengeru Institute of Community Development (TICD), Arusha",3.,Bachelor Degree in Project Management for Community Development,CD003,"Two principal passes in the following subjects: History, Geography, Kiswahili, English Language, French, Arabic, Fine Arts, Economics, Commerce, Accountancy, Physics, Chemistry, Biology, Advanced Mathematics, Agriculture, Computer Science or Nutrition.",4.0,150,3,
280,"Tengeru Institute of Community Development (TICD), Arusha",4.,Bachelor Degree in Social Work,CD004,"Two principal passes in the following subjects:History,Geography, Kiswahili, English Language,French, Arabic, Fine Arts,",4.0,70,3,
282,"Teofilo Kisanji University (TEKU), Mbeya",1.,Bachelor of Arts with Education,TK002,"Two principal passes in the following subjects: History, Kiswahili, English, Geography, Economics, Accountancy, Business Studies, Divinity.",4.0,700,3,
282,"Teofilo Kisanji University (TEKU), Mbeya",2.,Bachelor of Arts in Social Work,TK007,Two principal passes in in any subjects in A-level.,4.0,150,3,
282,"Teofilo Kisanji University (TEKU), Mbeya",3.,Bachelor of Divinity,TK010,"Two principal passes in the following subjects: History, Geography, Kiswahili, English Language, French, Arabic, Fine Arts, Economics, Commerce, Accountancy, Physics, Chemistry, Biology, Advanced Mathematics, Agriculture, Computer Science or Nutrition.",4.0,35,3,
282,"Teofilo Kisanji University (TEKU), Mbeya",4.,Bachelor of Laws,TK013,Two principal passes in any subjects in A-level.,4.0,150,3,
282,"Teofilo Kisanji University (TEKU), Mbeya",5.,Bachelor of Science in Environmen tal Science,TK015,"Two principal passes in either of the following subjects in Geography, Chemistry, Biology, Agriculture, Physics, Economics, History, Kiswahili and English Language.",4.0,160,3,
282,"Teofilo Kisanji University (TEKU), Mbeya",6.,Bachelor of Science with Education,TK016,"Two principal passes in either of the following subjects: Biology, Geography, Chemistry, Physics, Advanced Mathematics, Computer Science, Agriculture, Human",4.0,340,3,
284,"Tumaini University Makumira (TUMA), Arusha",1.,Bachelor of Arts with Education,MK001,"Two principal passes in the following subjects: History, Geography, Accountancy, Kiswahili, Fasihi ya Kiswahili, English Language, Literature in English, French, Divinity, Economics or Music.",4.0,600,3,
284,"Tumaini University Makumira (TUMA), Arusha",2.,Bachelor of Laws,MK002,"Two principal passes in the following subjects: History, Geography, Kiswahili, English Language, French, Arabic, Fine Arts, Economics, Commerce, Accountancy, Physics, Chemistry, Biology, Advanced Mathematics, Agriculture, Computer Science or Nutrition.",4.0,400,3,
284,"Tumaini University Makumira (TUMA), Arusha",3.,Bachelor of Arts in Music,MK003,"Two principal passes in the following subjects: History, Geography, Kiswahili, English Language, French, Fine Art, Economics, Commerce, Accountancy, Physics, Chemistry, Biology, Advanced Mathematics, Agriculture, Computer Science or Nutrition.",4.0,20,3,
285,"Tumaini University Makumira (TUMA), Arusha",4.,Bachelor of Divinity,MK005,"Two principal passes in the following subjects: History, Geography, Kiswahili, English Language, French, Arabic, Fine Arts, Economics, Commerce, Accountancy, Physics, Chemistry, Biology, Advanced Mathematics, Agriculture, Computer Science, Nutrition or Divinity.",4.0,90,4 or 5,
286,"Tumaini University Makumira (TUMA), Arusha",5.,Bachelor of Education in Early Childhood Education,MK012,"Two principal passes in the following subjects: History, Geography, Kiswahili, English Language, French, Arabic, Fine Art, Economics, Commerce, Accountancy, Physics, Chemistry, Biology, Advanced Mathematics, Agriculture, Computer Science or Nutrition.",4.0,100,3,
286,"Tumaini University Makumira (TUMA), Arusha",6.,Bachelor of Science with Education,MK013,"Two Principal passes in the following subjects: Chemistry, Geography, Biology or Mathematics.",4.0,100,3,
287,Unique Academy Dar es Salaam (UAD),1.,Bachelor Degree in Information Technology,UAD01,"Two principal passes in the following subjects: History, Geography, Kiswahili, English Language, French, Arabic, Fine Arts, Economics, Commerce, Accountancy, Physics, Chemistry, Biology, Advanced Mathematics, Agriculture, Computer Science or Nutrition. If one of the principal passes is not in Advanced Mathematics, an applicant MUST HAVE a subsidiary pass in Advanced Mathematics/Basic Applied Mathematics at A-Level or a minimum of “D” grade in Mathematics at O-Level.",4.0,50,3,
287,Unique Academy Dar es Salaam (UAD),2.,Bachelor Degree in Hardware and Networking Technology,UAD02,"Two principal passes in the following subjects: History, Geography, Kiswahili, English Language, French, Arabic, Fine Arts, Economics, Commerce, Accountancy, Physics, Chemistry, Biology, Advanced Mathematics, Agriculture, Computer Science or Nutrition. If one of the principal passes is not in Advanced Mathematics, an applicant MUST HAVE a subsidiary pass in Advanced Mathematics/Basic Applied Mathematics at A-Level or a minimum of “D” grade in Mathematics at O-Level.",4.0,50,3,
288,Unique Academy Dar es Salaam (UAD),3.,Bachelor of Information Security,UAD03,"Two principal passes in the following subjects: History, Geography, Kiswahili, English Language, French, Arabic, Fine Arts, Economics, Commerce, Accountancy, Physics, Chemistry, Biology, Advanced Mathematics, Agriculture, Computer Science or Nutrition. If one of the principals is not in Advanced Mathematics, an applicant MUST HAVE a subsidiary pass in Advanced Mathematics /Basic Applied Mathematics at A-Level or a minimum of “D” grade in Mathematics at O-Level.",4.0,20,3,
289,"United African University of Tanzania (UAUT), Dar es Salaam",1.,Bachelor of Science in Computer Engineering and Information Technology,UN001,Two principal passes in Advanced Mathematics and either Physics or Computer Science.,4.0,50,4,
289,"United African University of Tanzania (UAUT), Dar es Salaam",2.,Bachelor of Business Administration,UN002,"Two principal passes in the following subjects: History, Geography, Kiswahili, English, French, Arabic, Fine Arts, Economics, Commerce, Accountancy, Physics, Chemistry, Biology, Advanced Mathematics, Agriculture, Computer Science, Business Studies or Nutrition.",4.0,70,3,
289,"United African University of Tanzania (UAUT), Dar es Salaam",3.,Bachelor of Science in Business Information Technology,UN003,"Two principal passes in the following subjects: History, Geography, Economics, Commerce, Accountancy, Physics, Chemistry, Biology, Advanced Mathematics, Agriculture, Computer Science, Business Studies or Nutrition.",4 .0,70,3,
290,"University of Arusha (UoA), Arusha",1.,Bachelor of Arts with Education,UA001,"Two principal passes in any of the following subjects: Kiswahili, Geography or English.",4.0,300,3,
290,"University of Arusha (UoA), Arusha",2.,Bachelor of Business Administration in Accounting,UA002,"Two principal passes in the following subjects: History, Geography, Kiswahili, English Language, French, Arabic, Fine Arts, Economics, Commerce, Accountancy, Physics, Chemistry, Biology, Advanced Mathematics, Agriculture, Computer Science or Nutrition. If one of the principal passes is not in Advanced Mathematics, an applicant MUST HAVE a subsidiary pass in Basic Applied Mathematics at A- Level or a minimum of “D” grade in Mathematics or Bookkeeping or Commerce at O-Level.",4.0,80,3,
290,"University of Arusha (UoA), Arusha",3.,Bachelor of Arts in Theology,UA007,Two principal passes in any subjects in A-level.,4.0,70,3,
291,"University of Arusha (UoA), Arusha",4.,Bachelor of Arts in Religious Studies,UA008,"Two principal passes in the following subjects: History, Geography, Kiswahili, English Language, French, Divinity, Physics, Chemistry, Biology, Agriculture, Computer Science, Information and Comminication and Technology, Nutrition, Arabic, Fine Arts, Economics, Commerce, Accountancy or Advanced Mathematics.",4.0,20,3,
292,"University of Dar es Salaam (UDSM), Dar es Salaam",1.,Bachelor of Arts in Archaeology,UD001,"Two principal level passes in History, Language, Geography, Physics, Chemistry, Biology and Advanced Mathematics.",5 from 3 subjects,52,3,
292,"University of Dar es Salaam (UDSM), Dar es Salaam",2.,Bachelor of Arts in Economics,UD002,Two principal passes one of which must be in Economics or Advanced Mathematics. Candidates without Advanced Mathematics must have a credit pass or above in Basic Mathematics at O-Level.,5 from 3 subjects,270,3,
292,"University of Dar es Salaam (UDSM), Dar es Salaam",3.,Bachelor of Arts in Archaeology and History,UD003,"Two principal passes, one of which must be History.",5 from 3 subjects,57,3,
293,"University of Dar es Salaam (UDSM), Dar es Salaam",4.,Bachelor of Arts in Heritage Management,UD005,Two principal passes one of which must be history.,5 from 3 subjects,95,3,
293,"University of Dar es Salaam (UDSM), Dar es Salaam",5.,Bachelor of Arts in History and Archives Management,UD006,"Two principal passes in History with a minimum of “D” grade or above and a principal pass from the following subjects: English, Kiswahili,Fasihi ya Kiswahili, Chinese Economics, Geography, Fine Arts, French or Arabic.",5 from 3 subjects,100,3,
293,"University of Dar es Salaam (UDSM), Dar es Salaam",6.,Bachelor of Arts in Language Studies,UD007,"Two Principal Passes, one of which must be a minimum of ‘C’ grade in the following subjects: English Language, Kiswahili, French, Chinese or Arabic.",5 from 3 subjects,100,3,
293,"University of Dar es Salaam (UDSM), Dar es Salaam",7.,Bachelor of Arts in Literature,UD008,"Two principal passes one of which must be at “C” grade or above in Kiswahili, English or French",5 from 3 subjects,95,3,
293,"University of Dar es Salaam (UDSM), Dar es Salaam",8.,Bachelor of Arts in Political Science and Public Administration,UD009,"Two principal passes in the following subjects: History, Geography, Kiswahili, English Language, French, Arabic, Fine Arts, Economics, Commerce, Accountancy or Advanced Mathematics.",5 from 3 subjects,250,3,
294,"University of Dar es Salaam (UDSM), Dar es Salaam",9.,Bachelor of Arts in Sociology,UD010,"Two principal passes in the following subjects: History, Geography, Kiswahili, English Language, French, Arabic, Chinese, Fine Art, Economics, Commerce, Accountancy or Advanced Mathematics.",5 from 3 subjects,198,3,
294,"University of Dar es Salaam (UDSM), Dar es Salaam",10.,Bachelor of Science in Statistics,UD011,Two principal passes one must be in Advanced Mathematics with a minimum of ‘D’ grade,5 from 3 subjects,140,3,
294,"University of Dar es Salaam (UDSM), Dar es Salaam",11.,Bachelor of Arts with Education,UD012,"Two principal passes in the following Arts Subjects: History, Geography, Kiswahili, English, Language, French, Arabic, Chinese, Fine Arts, Literature in English, Theatre Arts, Music, Textile and Garment Construction, Islamic Knowledge and Divinity, Economics, or Advanced Mathematics.",5 from 3 subjects,"1,386",3,
295,"University of Dar es Salaam (UDSM), Dar es Salaam",12.,Bachelor of Science in Chemical and Process Engineering,UD013,"Two principal passes in Advanced Mathematics and Physics, with minimum D grade in Mathematics. Those without at least a subsidiary pass in Chemistry must have a Credit at O-Level.",4.0,60,4,
295,"University of Dar es Salaam (UDSM), Dar es Salaam",13.,Bachelor of Science in Computer Engineering and Information Technology,UD014,Two principal passes in Advanced Mathematics and Physics or Computer Science. An applicant without at least a subsidiary pass in Chemistry must have a minimum of “C” grade at O-Level.,4 .0,70,4,
295,"University of Dar es Salaam (UDSM), Dar es Salaam",14.,Bachelor of Science in Electrical Engineering,UD015,Two principal passes in Advanced Mathematics and Physics or Chemistry or Geography in A-level. Those without at least a Subsidiary pass in Chemistry must have a Credit at O-Level.,4 .0,67,4,
296,"University of Dar es Salaam (UDSM), Dar es Salaam",15.,Bachelor of Science in Mining Engineering,UD016,Two principal passes in Advanced Mathematics and Physics. An applicant without at least a subsidiary pass in Chemistry must have a minimum of “C” grade at O-Level. Special Requirements: Physical fitness.,4 .0,40,4,
296,"University of Dar es Salaam (UDSM), Dar es Salaam",16.,Bachelor of Science in Textile Engineering,UD017,"Two Principal Level passes in Advanced Mathematics or Physics and in one of the following subjects: Chemistry or Geography or Biology or Computer Science at A-level. Candidates without subsidiary pass in Chemistry at A-level must have at least a ‘C’ grade in Chemistry at O-level. In addition, Candidates without principal pass in Advanced Mathematics at A-level must have at least a ‘C’ grade in Mathematics at O-level.",4 .0,40,4,
296,"University of Dar es Salaam (UDSM), Dar es Salaam",17.,Bachelor of Science in Textile Design and Technology Actuarial Sciences,UD018,"Two passes of at least ‘D’ grade at A-Level in any Science, Fine Art, Textile and Garment Construction, Geography, Economics or English Language subjects. Applicants without a Subsidiary grade in Mathematics at A-level must have at least “C” grade Mathematics at 0-level. Geography, Commerce, Accountancy, Physics, Chemistry, Biology or Computer Science.",4 .0,35,4,
298,"University of Dar es Salaam (UDSM), Dar es Salaam",20.,Bachelor of Science in Zoology,UD022,"Two principal passes in Biology and in any of the following subjects: Physics, Chemistry, Geography or Advanced Mathematics.",4 .0,50,3,
298,"University of Dar es Salaam (UDSM), Dar es Salaam",21.,Bachelor of Science in Chemistry,UD025,Two principal passes in Chemistry and in any appropriate subjects in the A-level. In addition: The applicant should have a C grade or above in chemistry at O-level.,4.0,50,3,
299,"University of Dar es Salaam (UDSM), Dar es Salaam",22.,Bachelor of Science in Engineering Geology,UD026,Two principal passes in Advanced Mathematics and Physics. An applicant without at least a subsidiary pass in Chemistry must have a minimum of “C” grade at O-Level. Special Requirements: Physical fitness.,4 .0,15,4,
299,"University of Dar es Salaam (UDSM), Dar es Salaam",23.,Bachelor of Science in Geology,UD028,"Three principal passes in the following subjects: Advanced Mathematics, Physics and Chemistry. Special Requirements: Physical fitness.",4 .0,23,4,
299,"University of Dar es Salaam (UDSM), Dar es Salaam",24.,Bachelor of Science in Wildlife Science and Conservation,UD031,"Two principal passes in Biology and in one of the following subjects: Physics, Chemistry, Geography or Advanced Mathematics.",4 .0,50,3,
300,"University of Dar es Salaam (UDSM), Dar es Salaam",25.,Bachelor of Science with Education,UD032,"Two principal passes in the following subjects: Physics, Chemistry, Advanced Mathematics, Biology, Economics, Computer Science or Geography.",4 .0,350,3,
300,"University of Dar es Salaam (UDSM), Dar es Salaam",26.,Bachelor of Science with Geology,UD033,"Two principal passes in any of the following subjects: Physics, Chemistry, Biology, Advanced Mathematics, Computer sciences or Geography. Special Requirements: Physical fitness.",4 .0,33,4,
300,"University of Dar es Salaam (UDSM), Dar es Salaam",27.,Bachelor of Science in Computer Science,UD034,Two principal passes in the following subjects: Advanced Mathematics and Physics or Computer Science.,4 .0,113,3,
301,"University of Dar es Salaam (UDSM), Dar es Salaam",28.,Bachelor of Journalism and Media Studies,UD037,Two principal passes at ‘’C’’ grade or above in any subject.,5 from 3 subjects,40,3,
301,"University of Dar es Salaam (UDSM), Dar es Salaam",29.,Bachelor of Arts in Mass Communication and Multimedia Studies,UD038,Two principal passes at C grade or above at A-level with at least C in English at O-level.,5 from 3 subjects,40,3,
302,"University of Dar es Salaam (UDSM), Dar es Salaam",30.,Bachelor of Arts in Public Relations and Strategic Communication,UD039,"Two principal passes at C grade or above in any A- Level subjects. In addition, candidates must have C grade in English or Kiswahili at O-level.",5 from 3 subjects,65,3,
302,"University of Dar es Salaam (UDSM), Dar es Salaam",31.,Bachelor of Arts in Kiswahili,UD040,"Two principal passes in Kiswahili with a minimum of “D” grade and in one of the following subjects: English, French, Arabic, Chinese, Geography or History.",5 from 3,200,3,
303,"University of Dar es Salaam (UDSM), Dar es Salaam",32.,Bachelor of Commerce in Accounting,UD041,"Two principal passes in the following subjects: History, Geography, Kiswahili, English Language, French, Arabic, Fine Arts, Economics, Commerce, Accountancy, Physics, Chemistry, Biology, Advanced Mathematics, Agriculture, Computer Science or Nutrition. If one of the principals is not Advanced Mathematics an applicant MUST HAVE at least a subsidiary pass in Advanced Mathematics or a minimum of “C” grade in Basic Mathematics at O- Level.",5 from 3 subjects,285,3,
303,"University of Dar es Salaam (UDSM), Dar es Salaam",33.,Bachelor of Commerce in Banking and Financial Services,UD042,"Two principal passes in the following subjects: History, Geography, Kiswahili, English Language, French, Arabic, Fine Arts, Economics, Commerce, Accountancy, Physics, Chemistry, Biology, Advanced Mathematics, Agriculture, Computer Science or Nutrition. If one of the principals is not in Advanced Mathematics an applicant MUST HAVE at least a subsidiary pass in Advanced Mathematics or a minimum of “C” grade in Basic Mathematics at O-Level.",5 from 3 subjects,114,3,
304,"University of Dar es Salaam (UDSM), Dar es Salaam",34.,Bachelor of Commerce in Human Resource Management,UD044,"Two principal passes in the following subjects: History, Geography, Kiswahili, English Language, French, Arabic, Fine Arts, Economics, Commerce, Accountancy, Physics, Chemistry, Biology, Advanced Mathematics, Agriculture, Computer Science or Nutrition. If one of the principals is not in Advanced Mathematics an applicant must have at least a subsidiary pass in Advanced Mathematics or a minimum of “C” grade in Basic Mathematics at O-Level.",5 from 3 subjects,92,3,
305,"University of Dar es Salaam (UDSM), Dar es Salaam",35.,Bachelor of Commerce in Marketing,UD045,"Two principal passes in the following subjects: History, Geography, Kiswahili, English Language, French, Arabic, Fine Arts, Economics, Commerce, Accountancy, Physics, Chemistry, Biology, Advanced Mathematics, Agriculture, Computer Science or Nutrition. If one of the principals is not in Advanced Mathematics an applicant MUST HAVE at least a subsidiary pass in Advanced Mathematics or a minimum of “C” grade in Basic Mathematics at O- Level.",5 from 3 subjects,114,3,
305,"University of Dar es Salaam (UDSM), Dar es Salaam",36.,Bachelor of Commerce in Tourism Management,UD046,"Two principal passes in the following subjects: History, Geography, Kiswahili, English Language, French, Arabic, Fine Arts, Economics, Commerce, Accountancy, Physics, Chemistry, Biology, Advanced Mathematics, Agriculture, Computer Science or Nutrition. If one of the principals is not in Advanced Mathematics an applicant MUST HAVE at least a subsidiary pass in Advanced Mathematics or a minimum of “C” grade in Basic Mathematics at O- Level.",5 from 3 subjects,69,3,
306,"University of Dar es Salaam (UDSM), Dar es Salaam",37.,Bachelor of Lifelong Learning and Community Development,UD047,Two principal passes in Science or Arts subjects,5 from 3 subjects,120,3,
306,"University of Dar es Salaam (UDSM), Dar es Salaam",38.,Bachelor of Commerce with Education,UD048,"Two principal passes in the following subjects: Advanced Mathematics, Accountancy, Economics or Commerce. If one of the principals is not in Advanced Mathematics an applicant must have at least a subsidiary pass in Advanced Mathematics or a minimum of “C” grade in Basic Mathematics at O- Level.",5 from 3 subjects,90,3,
306,"University of Dar es Salaam (UDSM), Dar es Salaam",39.,Bachelor of Education in Early Childhood Education,UD049,"Two principal passes in the following subjects: History, Geography, Kiswahili, English Language, French, Arabic, Fine Arts, Economics, Commerce, Accountancy, Physics, Chemistry, Biology, Advanced Mathematics, Agriculture, Computer Science or Nutrition.",5 from 3 subjects,80,3,
307,"University of Dar es Salaam (UDSM), Dar es Salaam",40.,Bachelor of Sport Sciences and Physical Education,UD050,"Two principal passes in the following subjects: History, Geography, Kiswahili, English Language, French, Arabic, Fine Arts, Economics, Commerce, Accountancy, Physics, Chemistry, Biology, Advanced Mathematics, Agriculture, Computer Science or Nutrition. Those without a Principal or Subsidiary pass in Biology must have a Credit at O- Level.",5 from 3 subjects,80,3,
308,"University of Dar es Salaam (UDSM), Dar es Salaam",41.,Bachelor of Arts in Law Enforcement,UD052,"Two principal passes in the following subjects: History, Geography, Kiswahili, English Language, French, Arabic, Fine Arts, Economics, Commerce, Accountancy, Physics, Chemistry, Biology, Advanced Mathematics, Agriculture, Computer Science or Nutrition. An applicant without principal passes in History and English MUST HAVE at least subsidiary passes or a minimum of “C” grade in History and English at O-Level.",5 from 3 subjects,40,3,
308,"University of Dar es Salaam (UDSM), Dar es Salaam",42.,Bachelor of Laws,UD053,"Two principal passes in the following subjects: History, Geography, Kiswahili, English Language, French, Arabic, Fine Arts, Economics, Commerce, Accountancy, Physics, Chemistry, Biology, Advanced Mathematics, Agriculture, Computer Science or Nutrition. An applicant without principal passes in History and English MUST HAVE at least subsidiary passes or a minimum of “C” grade in History and English at O-Level.",5 from 3 subjects,150,4,
309,"University of Dar es Salaam (UDSM), Dar es Salaam",43.,Bachelor of Arts in Economics and Statistics,UD054,Two Principal passes in Advanced Mathematics and Economics.,5 from 3 subjects,168,3,
309,"University of Dar es Salaam (UDSM), Dar es Salaam",44.,Bachelor of Science in Mechanical Engineering,UD055,Two Principal level passes in Mathematics and Physics and at least a subsidiary pass in Chemistry at A-level or a Credit pass at O-level.,4.0,70,4,
309,"University of Dar es Salaam (UDSM), Dar es Salaam",45.,Bachelor of Science in Industrial Engineering,UD056,Two principal passes in Advanced Mathematics and Physics. Those without subsidiary in Chemistry must have a Credit at O-Level.,4.0,50,4,
309,"University of Dar es Salaam (UDSM), Dar es Salaam",46.,Bachelor of Science in Metallurgy and Mineral Processing Engineering,UD057,Two principal passes in Advanced Mathematics and Physics. An applicant without at least a subsidiary pass in Chemistry MUST HAVE a minimum of “C” grade at O-Level. Special Requirements: Physical fitness.,4 .0,29,4,
310,"University of Dar es Salaam (UDSM), Dar es Salaam",47.,Bachelor of Science in Civil Engineering,UD058,Two principal passes in Advanced Mathematics and Physics. Those without at least a Subsidiary in Chemistry must have a Credit pass in Chemistry at O-Level.,4 .0,213,4,
310,"University of Dar es Salaam (UDSM), Dar es Salaam",48.,Bachelor of Science in Petroleum Geology,UD059,"Three principal passes in the following subjects: Advanced Mathematics, Physics and Chemistry. Special Requirements: Physical fitness.",4 .0,15,4,
310,"University of Dar es Salaam (UDSM), Dar es Salaam",49.,Bachelor of Science in Petroleum Engineering,UD060,Two principal passes in Advanced Mathematics and Physics and at least a subsidiary pass in Chemistry. Special Requirements: Physical fitness.,4 .5,24,4,
310,"University of Dar es Salaam (UDSM), Dar es Salaam",50.,Bachelor of Science in Petroleum Chemistry,UD061,"Two Principal passes one in Chemistry and another in any of the following subjects: Biology, Physics, Advanced Mathematics, Nutrition, Agriculture or Geography. In addition: The applicant should have a C grade or above in chemistry and physics at O-level.",4 .0,50,3,
311,"University of Dar es Salaam (UDSM), Dar es Salaam",51.,Bachelor of Science in Meteorology,UD062,Two principal passes in Advanced Mathematics and Physics.,4 .0,50,3,
311,"University of Dar es Salaam (UDSM), Dar es Salaam",52.,Bachelor of Architecture,UD063,"Two principal passes in the following subjects: Physics, Chemistry, Biology, Mathematics, Geography or Fine Arts.",4 .0,30,5,
311,"University of Dar es Salaam (UDSM), Dar es Salaam",53.,Bachelor of Library and Information Studies,UD064,"Two principal passes in the following subjects: History, Geography, Kiswahili, English Language, French, Arabic, Fine Arts, Economics, Commerce, Accountancy, Physics, Chemistry, Biology, Advanced Mathematics, Agriculture, Computer Science or Nutrition.",4.0,63,3,
312,"University of Dar es Salaam (UDSM), Dar es Salaam",54.,Bachelor of Social Work,UD066,"Two Principal passes in Arts subjects plus a credit pass in General Studies at A-level, and credit passes in Biology and Civics at O-level",5 from 3 subjects,100,3,
312,"University of Dar es Salaam (UDSM), Dar es Salaam",55.,Bachelor of Arts in Psychology,UD067,Two Principal passes in Arts or Science subjects plus a credit in Biology at O-level,5 from 3 subjects,100,3,
312,"University of Dar es Salaam (UDSM), Dar es Salaam",56.,Bachelor of Arts in Anthropology,UD068,Two Principal passes in Arts or Science subjects,5 from 3 subjects,138,3,
313,"University of Dar es Salaam (UDSM), Dar es Salaam",57.,Bachelor of Arts in Philosophy and Ethics,UD069,"Two principal passes in the following subjects: History, Geography, Kiswahili, English Language, French, Arabic, Fine Arts, Economics, Commerce, Accountancy, Physics, Chemistry, Biology, Advanced Mathematics, Agriculture, Computer Science or Nutrition.",5 from 3 subjects,150,3,
313,"University of Dar es Salaam (UDSM), Dar es Salaam",58.,Bachelor of Arts in Development Studies,UD070,"Two principal passes in the following subjects: Business Studies, History, Geography, Kiswahili, English Language, French, Arabic, Tourism, Fine Arts, Economics, Commerce, Accountancy, Physics, Chemistry, Biology, Advanced Mathematics, Agriculture, Computer Science or Nutrition.",5 from 3 subjects,154,3,
313,"University of Dar es Salaam (UDSM), Dar es Salaam",59.,Bachelor of Arts in Art and Design,UD071,Two principal passes in any Arts or Business or Science subjects.,5 from 3 subjects,100,3,
314,"University of Dar es Salaam (UDSM), Dar es Salaam",60.,Bachelor of Arts in Film and Television,UD072,"Two principal passes in the following subjects: History, Geography, Kiswahili, English Language, French, Arabic, Fine Arts, Literature, Theatre Arts, Music, Chinese, Economics, Commerce, Accountancy, Physics, Chemistry, Biology, Advanced Mathematics, Agriculture, Computer Science or Nutrition.",5 from 3 subjects,70,3,
314,"University of Dar es Salaam (UDSM), Dar es Salaam",61.,Bachelor of Arts in Music,UD073,"Two principal passes in the following subjects: History, Geography, Kiswahili, English Language, French, Arabic, Fine Arts, Economics, Commerce, Accountancy, Physics, Chemistry, Biology, Advanced Mathematics or Agriculture.",5 from 3 subjects,70,3,
314,"University of Dar es Salaam (UDSM), Dar es Salaam",62.,Bachelor of Science in Food Science and Technology,UD074,"Two Principal passes from Chemistry and any of the following subjects: Mathematics, Biology, Nutrition, Physics, and Geography. A credit in Mathematics at “O level” and a subsidiary pass at “A level” is compulsory.",4 .0,46,4,
315,"University of Dar es Salaam (UDSM), Dar es Salaam",63.,Bachelor of Science in Bee Science and Technology,UD075,"Two Principal passes in Biology and in one of the following subjects: Chemistry, Nutrition, Agriculture, Physics and Geography.",4 .0,70,3,
315,"University of Dar es Salaam (UDSM), Dar es Salaam",64.,Bachelor of Science in Agricultural Engineering and Mechanisation,UD076,"Two principal passes in Advanced Mathematics and one of the following subjects: Physics, Chemistry or Geography.. In addition, the applicant must have obtained at least a PASS (“D” grade) in Physics AND Chemistry or Biology or Science and Practice in Agriculture at O-Level.",4 .0,57,4,
315,"University of Dar es Salaam (UDSM), Dar es Salaam",65.,Bachelor of Science in Quantity Surveying,UD077,Two principal passes in Advanced Mathematics and Physics.,4 .0,50,4,
315,"University of Dar es Salaam (UDSM), Dar es Salaam",66.,Bachelor of Science in Agricultural and Natural Resources Economics and Business,UD078,"Two principal passes in Economics and either Commerce, Agriculture, Geography and Advanced Mathematics.",4.0,150,3,
316,"University of Dar es Salaam (UDSM), Dar es Salaam",67.,Bachelor of Science in Geomatics,UD079,"Two principal passes in Advanced Mathematics and in one of the following subjects: Physics, Geography, Chemistry or Computer Science. If the second principal pass is not Physics, an applicant MUST HAVE at least a subsidiary pass in Physics.",4 .0,29,4,
316,"University of Dar es Salaam (UDSM), Dar es Salaam",68.,Doctor of Medicine,UD080,"Three principal passes in Physics, Chemistry, and Biology with minimum of 6 points: A minimum of D grade in Chemistry, Biology and Physics.",6 .0,122,5,
316,"University of Dar es Salaam (UDSM), Dar es Salaam",69.,Bachelor of Arts in Theatre Arts,UD081,"Two principal passes in the following subjects: History, Geography, Kiswahili, English Language, French, Arabic, Fine Arts, Economics, Commerce, Accountancy, Physics, Chemistry, Biology, Advanced Mathematics, Agriculture, Computer Science or Nutrition.",5 from 3 subjects,70,3,
317,"University of Dar es Salaam (UDSM), Dar es Salaam",70.,Bachelor of Business Administration (Evening),UD082,"Two principal passes in the following subjects: History, Geography, Kiswahili, English Language, French, Arabic, Fine Arts, Economics, Commerce, Accountancy, Physics, Chemistry, Biology, Advanced Mathematics, Agriculture, Computer Science or Nutrition. Those without a principal or subsidiary pass in Advanced Mathematics MUST HAVE a minimum of “C” grade in Mathematics at O-Level.",4 .0,172,3,
317,"University of Dar es Salaam (UDSM), Dar es Salaam",71.,Bachelor of Science in Crop Science and Technology,UD083,"Two principal passes in Biology or Agriculture and in one of the following subjects: Chemistry, Geography, Physics or Nutrition.",4 .0,70,3,
318,"University of Dar es Salaam (UDSM), Dar es Salaam",72.,Bachelor of Arts in Archaeology and Geography,UD084,Two principal passes in History and Geography.,5 from 3 subjects,50,3,
318,"University of Dar es Salaam (UDSM), Dar es Salaam",73.,Bachelor of Arts with Education (Chinese and English),UD085,"Two principal passes in language subjects in the following: Chinese, Kiswahili, English, French, Arabic at A-level. If one of the principal passes is not Chinese, an applicant must have an “A” grade in Chinese at O-Level.",5 from 3 subjects,100,3,
318,"University of Dar es Salaam (UDSM), Dar es Salaam",74.,Bachelor of Science in Electronics Engineering,UD086,Two principal passes in Advanced Mathematics and Physics. An applicant without at least a subsidiary pass in Chemistry MUST HAVE a minimum of “C” grade at O-Level.,4 .0,57,4,
318,"University of Dar es Salaam (UDSM), Dar es Salaam",75.,Bachelor of Science in Marine Sciences,UD087,"Two principal passes in Biology and in one the following subjects: Chemistry, Agriculture, Physics, Geography and Advanced Mathematics.",4 .0,45,3,
318,"University of Dar es Salaam (UDSM), Dar es Salaam",76.,Bachelor of Arts in Diplomatic and Defence Studies,UD088,"Two principal passes one of which must be in History with a minimum of “C” grade and in one the following subjects: English, Kiswahili, Economics, Geography, Fine Arts, French or Arabic",5 from 3 subjects,75,3,
319,"University of Dar es Salaam (UDSM), Dar es Salaam",77.,Bachelor of Science in Mathematics and Statistics,UD089,"Two principal passes in Advanced Mathematics and one of the following subjects: Economics, Geography, Commerce, Accountancy, Physics, Chemistry, Biology or Computer Science.",4 .0,60,3,
319,"University of Dar es Salaam (UDSM), Dar es Salaam",78.,Bachelor of Science in Business Information Technology,UD090,"Two principal passes in the following subjects: Advanced Mathematics and Physics or Chemistry, or Computer Science or Business Studies or Economics or any other Business-related subject. Those without at least a Subsidiary Pass in Advanced Mathematics must have a Credit at O- Level",4 .0,90,3,
319,"University of Dar es Salaam (UDSM), Dar es Salaam",79.,Bachelor of Science in Geophysics,UD091,Two principal passes in Advanced Mathematics and Physics. Special Requirements: Physical fitness.,5.0,12,4,
319,"University of Dar es Salaam (UDSM), Dar es Salaam",80.,Bachelor of Science in Geology with Geothermal Resources Exploration,UD092,"Three principal passes in Physics, Chemistry and Advanced Mathematics. Special Requirements: Physical fitness",4.0,12,4,
320,"University of Dar es Salaam (UDSM), Dar es Salaam",81.,Bachelor of Arts in Communication Studies,UD093,"Two principal passes in the following subjects: History, Geography, Kiswahili, English Language, French, Arabic, Fine Arts, Economics, Commerce, Accountancy, Physics, Chemistry, Biology, Advanced Mathematics, Agriculture, Computer Science or Nutrition. In addition, one must have a minimum of “C” grade in English at O-Level.",5 from 3 subjects,95,3,
320,"University of Dar es Salaam (UDSM), Dar es Salaam",82.,"Bachelor of Arts in History, Cultural Heritage Management and Tourism",UD094,"Two principal passes one of which must be in History with a minimum of “D” grade and in one the following subjects: English Language, Kiswahili, Economics, Geography, Fine Arts, French or Arabic.",5 from 3 subjects,70,3,
320,"University of Dar es Salaam (UDSM), Dar es Salaam",83.,Bachelor of Science in Chemistry and Physics,UD095,"Two principal passes in Chemistry and Physics. Additionally, candidate should have a “C” grade or above in chemistry and physics at O-level.",4.0,50,4,
321,"University of Dar es Salaam (UDSM), Dar es Salaam",84.,Bachelor of Science in Applied Microbiology and Chemistry,UD096,"Two principal passes in Chemistry and Biology. In addition, an applicant MUST have Credit passes in chemistry and Biology at O-level.",4.0,60,3,
321,"University of Dar es Salaam (UDSM), Dar es Salaam",85.,Bachelor of Commerce in Procurement and Supply Chain Management,UD097,"Two principal passes in the following subjects: History, Geography, Kiswahili, English Language, French, Arabic, Fine Arts, Economics, Commerce, Accountancy, Physics, Chemistry, Biology, Advanced Mathematics, Agriculture, Computer Science or Nutrition. If one of the principals do not include Advanced Mathematics or Economics or Commerce, an applicant MUST HAVE a minimum of “C” grade in Basic Mathematics at O-Level.",4.0,40,3,
322,"University of Dar es Salaam (UDSM), Dar es Salaam",86.,Doctor of Dental Surgery,UD098,"Three principal passes in Physics, Chemistry and Biology with a minimum of 6 points: a minimum of D grade in Chemistry, Biology and Physics.",6.0,10,5,
322,"University of Dar es Salaam (UDSM), Dar es Salaam",87.,Bachelor of Arts in Gender Studies and Community Development,UD099,"Two principal passes in the following subjects: History, Geography, Kiswahili, English Language, French, Arabic, Fine Arts, Economics, Commerce, Accountancy or Advanced Mathematics. In addition, one must have a minimum of five passes three of which must be Credits at O-level.",5 from 3 subjects,40,3,
322,"University of Dar es Salaam (UDSM), Dar es Salaam",88.,Bachelor of Science in Physics (Medical Physics),UD100,"Two principal passes in Advanced Mathematics, Biology, Geography, and Computer Studies, and must have a minimum grade of D in Physics.",4.0,15,3,
327,"University of Dodoma (UDOM), Dodoma",1.,Doctor of Medicine,DM001,"Three principal passes in Physics, Chemistry, and Biology with a minimum of 6 points. A minimum of “D” grade in Chemistry, Biology and Physics. In addition: Direct applicants MUST possess five credit passes in the following subjects at Ordinary level Secondary Education (O-level): Mathematics, Chemistry, Biology, Physics and English.",6.0,170,5,
327,"University of Dodoma (UDOM), Dodoma",2.,Bachelor of Science in Nursing,DM002,"Three principal passes in Chemistry, Biology, and Physics with a minimum of 6 points. A minimum of “C” grade in Chemistry and “D” grade in Biology and at least E grade in Physics.",6.0,200,4,
327,"University of Dodoma (UDOM), Dodoma",3.,Bachelor of Science in Computer Science,DM003,"Two principal passes in Advanced Mathematics or Computer Science and one of the following subjects: Physics, Geography, Economics or Chemistry.",4.0,70,3,
327,"University of Dodoma (UDOM), Dodoma",4.,Bachelor of Science in Information Systems,DM004,"Two principal passes in Advanced Mathematics and one of the following subjects: Physics, Chemistry, Computer Science, Geography, Economics, Business Studies, Accountancy and Biology. If one of the principal passes is not in Advanced Mathematics, an applicant must have a subsidiary pass in Basic Applied Mathematics.",4.0,80,3,
328,"University of Dodoma ( UDOM), Dodoma",5.,Bachelor of Science in Software Engineering,DM005,Two principal passes in Mathematics and either Physics or Computer Science.,4.0,80,4,
328,"University of Dodoma ( UDOM), Dodoma",6.,Bachelor of Information Technology with Business Analytics,DM006,"Two principal passes in Advanced Mathematics or Economics and one of the following subjects: Physics, Computer Science, Geography, Chemistry, Biology, Accountancy, Business Studies or Commerce. If one of the principal passes is not in Advanced Mathematics or Economics, an applicant must have a subsidiary pass in Basic Applied Mathematics.",4.0,80,3,
329,"University of Dodoma (UDOM), Dodoma",7.,Bachelor of Science in Computer Engineering,DM007,Two principal passes in Advanced Mathematics Mathematics and either Physics or Computer Science.,4.0,80,4,
329,"University of Dodoma (UDOM), Dodoma",8.,Bachelor of Science in Telecommunications Engineering,DM008,Two principal passes in Advanced Mathematics and Physics.,4.0,100,4,
329,"University of Dodoma (UDOM), Dodoma",9.,Bachelor of Science in Applied Physics,DM009,"Two principal passes at “C” grade in Physics and “D” grade in the following subjects: Advanced Mathematics, Chemistry, Computer Science, Biology or Geography.",4.0,100,3,
329,"University of Dodoma (UDOM), Dodoma",10.,Bachelor of Science in Chemistry,DM010,"Two principal passes in Chemistry and in one of the following subjects: Physics, Mathematics, Biology, Geography or Nutrition. A minimum of C” grade in Chemistry at A-Level.",4.0,150,3,
330,"University of Dodoma (UDOM), Dodoma",11.,Bachelor of Science in Biology,DM011,"Two principal passes at “D” grade in Biology and in the following subjects: Nutrition, Agriculture, Chemistry,Physics or Geography.",4.0,210,3,
330,"University of Dodoma (UDOM), Dodoma",12.,Bachelor of Science in Mathematics,DM012,"Two principal passes at a minimum of “D” grade in Advanced Mathematics and in one of the following subjects: Geography, Economics, Commerce, Accountancy, Physics, Chemistry, or Computer Science.",4.0,160,3,
330,"University of Dodoma (UDOM), Dodoma",13.,Bachelor of Science in Statistics,DM013,"Two principal passes at a minimum of “D” grade in Advanced Mathematics and in one of the following subjects: Geography, Economics, Commerce, Accountancy, Physics, Business Studies, Chemistry or Computer Science.",4.0,130,3,
330,"University of Dodoma (UDOM), Dodoma",14.,Bachelor of Science in Applied Geology,DM014,"Two principal passes in the following subjects: Advanced Mathematics, Physics, Chemistry, Biology or Geography. In addition, an applicant MUST HAVE a minimum of “C” grade in Physics and Chemistry at O-level.",4.0,40,3,
331,"University of Dodoma (UDOM), Dodoma",15.,Bachelor of Science in Mining Engineering,DM015,"Two principal passes at “D” grade in Advanced Mathematics and Physics. In addition, an applicant MUST HAVE a minimum of “E” grade in either Chemistry or Geography at A- Level.",4.0,40,4,
331,"University of Dodoma (UDOM), Dodoma",16.,Bachelor of Science in Metallurgy and Mineral Processing Engineering,DM016,"Two principal passes at “D” grade in Advanced Mathematics and Chemistry. In addition, an applicant MUST HAVE a minimum of “E” grade in Physics at A-Level.",5.0,40,4,
331,"University of Dodoma (UDOM), Dodoma",17.,Bachelor of Arts in History and Cultural Heritage,DM018,"Two principal passes in History and one of the following subjects: Geography, Kiswahili, English Language, French, Arabic, Fine Arts or Economics.",4.0,180,3,
332,"University of Dodoma (UDOM), Dodoma",18.,Bachelor of Arts in English,DM020,"Two principal passes in English Language and one of the following subjects: Geography, Kiswahili, History, Chinese, French, Arabic, Fine Arts or Economics.",4.0,80,3,
332,"University of Dodoma (UDOM), Dodoma",19.,Bachelor of Arts in French,DM021,"Two principal passes in French and one of the following subjects: Kiswahili, Chinese and English Language.",4.0,40,3,
332,"University of Dodoma (UDOM), Dodoma",20.,Bachelor of Arts in Cultural Heritage and Tourism,DM023,"Two principal passes in the following subjects: History, Kiswahili, English, French, Geography, Physical Education, Chinese or Fine Arts.",4.0,250,3,
332,"University of Dodoma (UDOM), Dodoma",21.,Bachelor of Arts in Theatre and Film,DM024,"Two principal passes in the following subjects: History, Kiswahili, English, French, Geography, Arabic, Physics, Biology, Advanced Mathematics, Physical Education, Commerce, Accountancy, Economics or Fine Arts.",4.0,100,3,
332,"University of Dodoma (UDOM), Dodoma",22.,Bachelor of Arts in Fine Arts and Design,DM025,"Two principal passes in the following subjects: History, Kiswahili, English, French, Geography, Arabic, Economics, Commerce, Accountancy, Advanced Mathematics, Physics, Computer Science, Chemistry, Physical Education, Biology or Fine Arts",4.0,100,3,
333,"University of Dodoma (UDOM), Dodoma",23.,Bachelor of Arts in Economics,DM027,"Two principal passes in the following subjects at A level: Physics, Chemistry, Advanced Mathematics, Biology, Geography, Economics, Commerce, Agriculture, Food and Human Nutrition, Business Studies, Accountancy, Computer Science. If one of the principal passes is not in Advanced Mathematics, an applicant MUST HAVE at least a subsidiary pass in Basic Applied Mathematics or a minimum of “D” grade in Basic Mathematics at O-level.",4.0,60,3,
334,"University of Dodoma (UDOM), Dodoma",25.,Bachelor of Arts in Political Science and Public Administration,DM030,"Two principal passes in the following subjects: History, Geography, Kiswahili, English or French.",4.0,250,3,
334,"University of Dodoma (UDOM), Dodoma",26.,Bachelor of Geography and Environmental Management,DM031,"Two principal passes in Geography and one from thefollowingsubjects:History,Economics,Agriculture ,Chemistry,Mathematics,Physics or Biology.",4.0,300,3,
334,"University of Dodoma (UDOM), Dodoma",27.,Bachelor of Arts in Sociology,DM032,"Two principal passes in the following subjects: History, Geography, Kiswahili, English Language, French, Arabic, Fine Arts, Physics, Chemistry, Mathematics, Biology,Agriculture, Nutrition, Commerce, Accountancy, Chinese or Economics.",4.0,200,3,
334,"University of Dodoma (UDOM), Dodoma",28.,Bachelor of Business Administration,DM033,"Two principal passes in the following subjects History, Geography, Kiswahili, Fasihi ya Kiswahili English Language, Literature in English, French, Arabic, Chinese, Fine Arts, Theater Arts, Music, Textile and Garment Construction, Sports, Economics, Commerce, Accountancy, Business Studies, Physics, Chemistry, Biology, Advanced Mathematics,",4.0,110,3,
336,"University of Dodoma (UDOM), Dodoma",29.,Bachelor of Commerce in Accounting,DM034,"Two principal passes in the following subjects at A-level: Geography, Economics, Commerce, Accountancy, Physics, Chemistry, Biology, Advanced Mathematics, Agriculture, Computer Science, Nutrition or Business Studies. If one of the principal passes is not in Advanced Mathematics, an applicant MUST HAVE at least a subsidiary pass in Basic Applied Mathematics. or a minimum of “C” grade in Basic Mathematics at O-Level.",4.0,110,3,
337,"University of Dodoma (UDOM), Dodoma",30.,Bachelor of Commerce in Finance,DM035,"Two principal passes in the following subjects: Geography, Economics, Commerce, Accountancy, Physics, Chemistry, Biology, Advanced Mathematics, Agriculture, Computer Science, Nutrition or Business Studies. If one of the principal passes is not in Advanced Mathematics, an applicant MUST HAVE at least a subsidiary pass in Basic Applied Mathematics",4.0,110,3,
337,"University of Dodoma (UDOM), Dodoma",31.,Bachelor of Commerce in Human Resource Management,DM036,"Two principal passes in the following subjects: History, Geography, Kiswahili, Fasihi ya Kiswahili English Language, Literature in English, French, Arabic, Chinese, Fine Arts, Theater Arts, Music, Textile and Garment Construction, Sports, Commerce, Accountancy, Business Studies, Physics, Chemistry, Biology, Advanced Mathematics, Economics, Agriculture, Computer",4.0,60,3,
339,"University of Dodoma (UDOM), Dodoma",32.,Bachelor of Commerce in Entrepreneurship and Innovation,DM037,"Two principal passes in the following subjects: History, Geography, Kiswahili, Fasihi ya Kiswahili English Language, Literature in English, French, Arabic, Chinese, Fine Arts, Theater Arts, Music, Textile and Garment Construction, Sports, Economics, Commerce, Accountancy, Business Studies, Physics, Chemistry, Biology, Advanced Mathematics, Agriculture, Computer Science, Nutrition, Food and Human Nutrition, Islamic Knowledg or Divinity. If one of the principal passes is not in Advanced Mathematics, an applicant MUST HAVE at least a subsidiary pass in Basic Applied Mathematics or a minimum of “D” grade in Basic Mathematics at O-Level.",4.0,60,3,
340,"University of Dodoma (UDOM), Dodoma",33.,Bachelor of Commerce in International Business,DM038,"Two principal passes in the following subjects: History, French, Geography, Kiswahili, English Language, Arabic, Fine Arts, Economics, Commerce or Business Studies, Accountancy, Physics, Chemistry, Biology, Divinity, Islamic Knowledge, Advanced Mathematics, Agriculture, Computer Science, Nutrition. In addition, an applicant who did not study mathematics should have a subsidiary pass in Basic Applied Mathematics or a minimum of “D” grade in Mathematics at O-Level.",4.0,60,3,
340,"University of Dodoma (UDOM), Dodoma",34.,Bachelor of Commerce in Tourism and Hospitality Management,DM039,"Two principal passes in the following subjects at A-level: History, Geography, Kiswahili, Fasihi ya Kiswahili English Language, Literature in English, French, Arabic, Chinese, Fine Arts, Theater Arts, Music, Textile and Garment Construction, Sports, Economics, Commerce, Accountancy, Business Studies, Physics, Chemistry, Biology, Advanced Mathematics, Agriculture, Computer Science, Nutrition, Food and Human Nutrition, Islamic Knowledge or Divinity. If one of the principal",4.0,60,3,
342,"University of Dodoma (UDOM), Dodoma",35.,Bachelor of Commerce in Marketing,DM040,"Two principal passes in the following subjects: History, Geography, Kiswahili, Fasihi ya Kiswahili English Language, Literature in English, French, Arabic, Chinese, Fine Arts, Theater Arts, Music, Textile and Garment Construction, Sports, Economics, Commerce, Accountancy, Business Studies, Physics, Chemistry, Biology, Advanced Mathematics, Agriculture, Computer Science, Nutrition, Food and Human Nutrition, Islamic Knowledge or Divinity. If one of the principal passes is not in Advanced Mathematics, an applicant MUST HAVE at least a subsidiary pass in Basic Applied Mathematics or a minimum of “D” grade in Basic Mathematics at O-Level",4.0,60,3,
343,"University of Dodoma (UDOM), Dodoma",36.,Bachelor of Arts in Environmental Economics and Policy,DM041,"Two principal passes in the following subjects: Physics, Chemistry, Advanced Mathematics, Biology, Geography, Economics, Commerce, Agriculture, Food and Human Nutrition, Business Studies, Accountancy, Computer Science. If one of the principal passes is not in Advanced Mathematics, an applicant must have at least a subsidiary pass in Advanced Mathematics or Basic Applied Mathematics or D in ordinary level Mathematics.",4.0,60,3,
343,"University of Dodoma (UDOM), Dodoma",37.,Bachelor of Disaster Risk Management,DM043,"Two principal passes in Geography and in one of the following subjects: Economics, Agriculture, Physics, Mathematics, Chemistry, Biology, and Computer Sciences.",4.0,100,3,
344,"University of Dodoma (UDOM), Dodoma",38.,Bachelor of Arts in Development Studies,DM044,"Two principal passes in the following subjects: History, Geography, Kiswahili, Kiswahili Fasihi, English Language, English, Chinese, Business Studies, Physical Education, French, Arabic, Fine Arts, Economics, Commerce, Accountancy, Physics, Chemistry, Biology, Advanced Mathematics, Agriculture, Computer Science or Nutrition.",4.0,500,3,
344,"University of Dodoma (UDOM), Dodoma",39.,Bachelor of Arts in Economics and Statistics,DM045,"Two principal passes in the following subjects: Physics, Chemistry, Advanced Mathematics, Biology, Geography, Economics, Commerce or Accountancy. If one of the principal passes is not in Advanced Mathematics an applicant MUST HAVE at least a subsidiary pass in Advanced Mathematics or Basic Applied Mathematics or a minimum of “C” grade in Basic Mathematics at O-Level.",4.0,60,3,
345,"University of Dodoma (UDOM), Dodoma",40.,Bachelor of Arts in International Relations,DM046,"Two principal passes in the following subjects: History, French, Geography, Kiswahili or English.",4.0,100,3,
345,"University of Dodoma (UDOM), Dodoma",41.,Bachelor of Laws,DM047,"Two principal passes at “D” grade in the following subjects: History, Geography, Kiswahili, English Language, French, Arabic, Fine Arts, Economics, Commerce, Accountancy, Physics, Chemistry, Biology, Advanced Mathematics, Agriculture, Computer Science or Nutrition. An applicant without History or English at A-level must have a credit pass grade “C” or Higher at O-level.",4.0,226,4,
346,"University of Dodoma (UDOM), Dodoma",42.,Bachelor of Education in Special Needs,DM051,"Two principal passes in the following subjects: Kiswahili, English, Literature, History, Geography, French,Arabic,Economics,Commerce,Accountancy ,Advanced Mathematics, Physics, Chemistry or Biology.",4.0,100,3,
347,"University of Dodoma (UDOM), Dodoma",43.,Bachelor of Education in Early Childhood Education,DM053,"Two principal passes in the following subjects: Kiswahili, English, Literature, History, Geography, French, Arabic, Economics, Advanced Mathematics, Physics, Chemistry or Biology.",4.0,200,3,
348,"University of Dodoma (UDOM), Dodoma",44.,Bachelor of Arts with Education,DM058,"Two principal passes in the following subjects: History, Geography, Kiswahili, English, English Language, French, Arabic, Chinese, Fasihi ya Kiswahili, Literature in English, Music, Sports, Theatre Arts, Fine Art, or Textile and Garment Construction.",4.0,300,3,
348,"University of Dodoma (UDOM), Dodoma",45.,Bachelor of Science with Education,DM059,"Two principal passes with a minimum of “D” grade in the following subjects: Biology, Chemistry, Advanced Mathematics, or Geography.",4.0,400,3,
349,"University of Dodoma (UDOM), Dodoma",46.,Bachelor of Science in Health Information Science,DM062,"Two principal passes in Biology and one of the following subjects: Advanced Mathematics, Physics, Geography, Chemistry or Computer science. If one of the principal passes is not in Biology, an applicant MUST HAVE ''C'' grade in Biology at O- Level.",4.0,100,3,
349,"University of Dodoma (UDOM), Dodoma",47.,Bachelor of Science in Computer Networks and Information Security Engineering,DM063,Two principal passes in Advanced Mathematics and either Physics or Computer science.,4.0,85,4,
349,"University of Dodoma (UDOM), Dodoma",48.,Bachelor of Science in Petroleum Engineering,DM064,Two principal passes in Advanced Mathematics and Physics and at least a subsidiary pass in Chemistry. Those without a principal or subsidiary pass in Chemistry MUST HAVE at least a “D” grade in Chemistry at O-level.,4.0,25,4,
350,"University of Dodoma (UDOM), Dodoma",49.,Bachelor of Arts in Philosophy and Political Science,DM065,"Two principal passes in the following subjects: History, French, Geography, Kiswahili, Literature or English.",4.0,70,3,
350,"University of Dodoma (UDOM), Dodoma",50.,Bachelor of Commerce in Procurement and Logistics Management,DM066,"Two principal passes in the following subjects: History, French, Geography, Kiswahili, Fasihi ya Kiswahili, English Language, Literature in English, Arabic, Fine Arts, Economics, Commerce, Accountancy, Physics, Chemistry, Biology, Mathematics, Agriculture, Computer Science, Chinese, Business Studies, Islamic Knowledge, Divinity or Food and Human Nutrition. ). If one of the Principal Passes is not in Mathematics, the applicant MUST HAVE a subsidiary pass in Basic Applied Mathematics (BAM) or a D-grade in Mathematics at O-Level.",4.0,120,3,
351,"University of Dodoma (UDOM), Dodoma",52.,Bachelor of Chinese Language and Culture,DM069,"Two principal passes in the following subjects: Kiswahili, English Language, French, Arabic, Chinese, History or Geography.",4.0,70,3,
351,"University of Dodoma (UDOM), Dodoma",53.,Bachelor of Science in Instructional Design and Information Technology,DM074,"Two principal passes in the following subjects: Advanced Mathematics, Computer Science, Physics, Geography, Chemistry, Economics, Accountancy, Biology, or Business Studies",4.0,80,3,
351,"University of Dodoma (UDOM), Dodoma",54.,Bachelor of Science in Multimedia Technology and Animation,DM075,"Two principal passes in the following subjects: Advanced Mathematics, Computer Science, Physics, Geography, Chemistry, Economics, Accountancy, Biology, or Business Studies.",4.0,80,3,
352,"University of Dodoma (UDOM), Dodoma",55.,Bachelor of Arts in Translation and Interpretation,DM076,"Two principal passes in language subjects (English, Kiswahili, Fasihi ya Kiswahili, Literature, Chinese, Arabic or French), one of which MUST HAVE “C” grade and above.",4.0,35,3,
352,"University of Dodoma (UDOM), Dodoma",56.,Bachelor of Science in Geo-informatics,DM077,"Two principal passes in Geography, Physics and Advanced Mathematics. In addition, the applicant MUST HAVE a pass at “C” g r a d e i n Physics at O-level.",4.0,40,3,
352,"University of Dodoma (UDOM), Dodoma",57.,Bachelor of Science in Environmental Engineering,DM078,"Two principal passes at “D” grade in Physics and one from the following subjects: Advanced Mathematics, Chemistry, Biology, Computer Science or Geography at A level. Those without Mathematics subject at A-level must have subsidiary pass for Basic Applied Mathematics at A-Level or a minimum of “C” grade Mathematics at O-level.",5.0,40,4,
353,"University of Dodoma (UDOM), Dodoma",58.,Bachelor of Science in Environmental Sciences,DM079,"Two principal passes in the following subjects: Advanced Mathematics, Physics, Chemistry, Biology, Geography or Agriculture. Candidates should also pass Mathematics at O-level.",4.0,40,3,
353,"University of Dodoma (UDOM), Dodoma",59.,Bachelor of Science in Renewable Energy Engineering,DM080,"Two principal passes at “D” grade in Advanced Mathematics and Physics. In addition, an applicant MUST HAVE a minimum of “E” grade in either Chemistry or Geography at A-Level. Those without a principal pass in Chemistry MUST HAVE a minimum of “C” grade in Chemistry at O-Level.",5.0,40,4,
353,"University of Dodoma (UDOM), Dodoma",60.,Bachelor of Science in Aquaculture and Aquatic Sciences,DM081,"Two principal passes in Biology and one of the following subjects: Nutrition, Agriculture, Chemistry, Physics or Geography.",4 .0,65,3,
353,"University of Dodoma (UDOM), Dodoma",61.,Bachelor of Science in Clinical Nutrition and Dietetics,DM082,"Three principal passes in Chemistry, Biology and either Physics or Advanced Mathematics or Nutrition or Geography or Agriculture with a minimum of 6 points, whereby one MUST HAVE at least a “C” grade in Chemistry or Nutrition or Agriculture or Biology.",6.0,30,4,
354,"University of Dodoma (UDOM), Dodoma",62.,Bachelor of Science in Mathematics and Statistics,DM083,"Two principal passes in Advanced Mathematics at a minimum of “D” grade and in one of the following subjects: Geography, Economics, Commerce, Accountancy, Physics, Chemistry, Biology, Agriculture, Computer Science or Nutrition.",4.0,100,3,
354,"University of Dodoma (UDOM), Dodoma",63.,Bachelor of Science in Actuarial Statistics,DM084,"Two principal passes in Advanced Mathematics at a minimum of “D” grade and in one of the following subjects: Geography, Economics, Commerce, Accountancy, Physics, Chemistry, Biology, Agriculture, Computer Science or Nutrition.",4.0,100,3,
354,"University of Dodoma (UDOM), Dodoma",64.,Bachelor of Science in Digital Content and Broadcasting Engineering,DM085,"Two principal passes in Advanced Mathematics and Physics, Geography, Chemistry or Computer Science.",4.0,80,4,
355,"University of Dodoma (UDOM), Dodoma",65.,Bachelor of Science in Cyber Security and Digital Forensics Engineering,DM086,Two principal passes in Advanced Mathematics and in either Physics or Computer Science.,4.0,80,4,
355,"University of Dodoma (UDOM), Dodoma",66.,Bachelor of Arts in Archaeology and Cultural Anthropology,DM087,"Two principal passes at a minimum of “D” grade in the following subjects: History, French, Geography, English Language, Arabic, Fine Arts, Economics, Physical Education or Kiswahili.",4.0,40,3,
355,"University of Dodoma (UDOM), Dodoma",67.,Bachelor of Arts in Journalism and Public Relations,DM088,"Two principal passes in the following subjects: History, Geography, Kiswahili, English, French, Arabic, Fine Arts, Economics, Commerce, Accountancy, Physics, Biology, Chemistry, Advanced Mathematics, Physical Education, Agriculture, Computer Science or Nutrition. If one of the principals is not English, an applicant MUST HAVE a minimum of “C” grade in English at O-level.",4.0,100,3,
357,"University of Dodoma (UDOM), Dodoma",69.,Bachelor of Science in Chemical and Process Engineering,DM090,Two principal passes in Advanced Mathematics and Chemistry. Those without a subsidiary pass in Physics MUST HAVE at least a “C” grade in Physics at O-level.,4.0,25,4,
357,"University of Dodoma (UDOM), Dodoma",70.,Shahada ya Awali ya Sanaa katika Kiswahili,DM091,"Two principal passes, at least “C” grade in Kiswahili and in one of the following subjects: History, English, Geography, Arabic, French, Chinese or Fine Arts.",4.0,150,3,
357,"University of Dodoma (UDOM), Dodoma",71.,Bachelor of Pharmacy,DM092,"Three principal passes in Physics, Chemistry and Biology with a minimum of 6 points: A minimum of “D” grade in Chemistry, Biology and Physics.",6.0,30,4,
357,"University of Dodoma (UDOM), Dodoma",72.,Bachelor of Science in Biomedical Engineering,DM093,"Three principal passes with at least “D” grade in Physics, Chemistry, Mathematics, Biology, or Computer Science. In addition: Direct applicants MUST possess five credit passes in the following subjects at Ordinary level Secondary Education (O-level): Mathematics, Chemistry, Biology, Physics and English.",6.0,15,4,
359,"University of Iringa (UoI), Iringa",1.,Bachelor of Journalism,UI001,"Two principal passes in the following subjects: History, Geography, Kiswahili, English Language, French, Arabic, Fine Art, Economics, Commerce, Accountancy, Physics, Chemistry, Biology, Advanced Mathematics, Agriculture, Computer Science or Nutrition. An applicant without principal passes in English must have at least subsidiary passes or a minimum of “D” grade in English at O-Level.",4.0,200,3,
359,"University of Iringa (UoI), Iringa",2.,Bachelor of Laws,UI002,"Two principal passes in the following subjects: History, Geography, Kiswahili, English Language, French, Arabic, Fine Arts, Economics, Commerce, Accountancy, Physics, Chemistry, Biology, Advanced Mathematics, Agriculture, Computer Science or Nutrition. An applicant without principal passes in English MUST HAVE at least subsidiary passes or a minimum of “D” grade in English at O-Level.",4.0,300,3,
360,"University of Iringa (UoI), Iringa",3.,Bachelor of Arts in Cultural Anthropology and Tourism,UI003,"Two principal passes in the following subjects: History, Geography, Kiswahili, English Language, French, Arabic, Fine Arts, Economics, Commerce, Accountancy, Physics, Chemistry, Biology, Advanced Mathematics, Agriculture, Computer Science or Nutrition.",4.0,200,3,
360,"University of Iringa (UoI), Iringa",4.,Bachelor of Counselling Psychology,UI004,"Two principal passes in the following subjects: History, Geography, Kiswahili, English Language, French, Arabic, Fine Arts, Economics, Commerce, Accountancy, Physics, Chemistry, Biology, Advanced Mathematics, Agriculture, Computer Science or Nutrition.",4.0,150,3,
360,"University of Iringa (UoI), Iringa",5.,Bachelor of Arts in Community Development,UI006,"Two principal passes in the following subjects:History, Geography, Kiswahili, English Language,French, Arabic, Fine Arts, Economics, Commerce, Accountancy, Physics, Chemistry, Biology, Advanced Mathematics, Agriculture, Computer Science.",4.0,300,3,
361,"University of Iringa (UoI), Iringa",6.,Bachelor of Business Administration,UI007,"Two principal passes in the following subjects: History, Geography, Kiswahili, English Language, French, Arabic, Fine Arts, Economics, Commerce, Accountancy, Physics, Chemistry, Biology, Advanced Mathematics, Agriculture, Computer Science or Nutrition. If one of the principals is not Advanced Mathematics, Commerce, Accountancy, Economics or Geography, an applicant MUST HAVE a subsidiary pass in Basic Applied Mathematics or a minimum of “D” grade in Mathematics, Commerce or Book- keeping at O-Level.",4.0,200,3,
361,"University of Iringa (UoI), Iringa",7.,Bachelor of Theology,UI008,"Two principal passes in the following subjects: History, Geography, Kiswahili, English Language, French, Arabic, Fine Arts, Economics, Commerce, Accountancy, Physics, Chemistry, Biology, Advanced Mathematics, Agriculture, Computer Science, Divinity or Nutrition.",4.0,100,3,
363,"University of Iringa (UoI), Iringa",11.,Bachelor of Arts with Education,UI012,"Two principal passes in the following subjects: History, Linguistics, Geography, and Kiswahili.",4.0,150,3,
363,"University of Iringa (UoI), Iringa",12.,Bachelor of Business in Marketing Management,UI013,"Two principal passes in the following subjects: History, Geography, Kiswahili, English Language, French, Arabic, Fine Arts, Economics, Commerce, Accountancy, Physics, Chemistry, Biology, Advanced Mathematics, Agriculture, Computer Science.",4.0,200,3,
363,"University of Iringa (UoI), Iringa",13.,Bachelor of Applied Marketing and Entrepreneurship,UI014,"Two principal passes in the following subjects: History, Geography, Kiswahili, English Language, French, Arabic, Fine Arts, Economics, Commerce, Accountancy, Physics, Chemistry, Biology, Advanced Mathematics, Agriculture, Computer Science or Nutrition.",4.0,200,3,
363,"University of Iringa (UoI), Iringa",14.,Bachelor of Human Resource Management,UI015,"Two principal passes in the following subjects: History, Geography, Kiswahili, English Language, French, Arabic, Fine Art, Economics, Commerce, Accountancy, Physics, Chemistry, Biology, Advanced Mathematics, Agriculture, Computer Science or Nutrition.",4.0,150,3,
364,"University of Iringa (UoI), Iringa",15.,Bachelor of Business in Procurement and Supply Chain Management,UI016,"Two principal passes in the following subjects: History, Geography, Kiswahili, English Language, French, Arabic, Fine Art, Economics, Commerce, Accountancy, Physics, Chemistry, Biology, Advanced Mathematics, Agriculture, Computer Science or Nutrition. If one of the principals is not in Advanced Mathematics, Commerce, Accountancy, Economics or Geography, an applicant must have a subsidiary pass in Basic Applied Mathematics or a minimum of “D” grade in Mathematics, Commerce or Book-keeping at O-Level.",4.0,200,3,
364,"University of Iringa (UoI), Iringa",16.,Bachelor of Science with Education,UI017,Two principal passes in Computer Science and Mathematics.,4.0,90,3,
365,"Water Institute (WI), Dar es Salaam",1,Bachelor Degree in Water Resources and Irrigation Engineering,WD001,"Two principal passes in the following subjects: Physics, Advanced Mathematics, Chemistry and or Geography. If one of the passes is not in Advanced Mathematics, at least a Subsidiary pass in Basic Applied Mathematics at A’ level or Basic Mathematics at O’level is required",4.0,135,4,
365,"Water Institute (WI), Dar es Salaam",2,Bachelor Degree in Hydrogeology and Drilling,WD002,"Advanced Certificate of Secondary Education with two principal passes in the following subjects: Physics, Advanced Mathematics, Chemistry and or Geography. If one of the passes is not in Advanced Mathematics, at least a Subsidiary pass in Basic Applied Mathematics at A’ level or Basic Mathematics at O’ level is required.",4.0,40,4,
366,"Water Institute (WI), Dar es Salaam",3,Bachelor Degree in Engineering Hydrology,WD003,"Two principal passes in the following subjects: Physics, Advanced Mathematics, Chemistry and or Geography. If one of the passes is not in Advanced Mathematics, at least a Subsidiary pass in Basic Applied Mathematics at A’ level or Basic Mathematics at O’ level is required.",4.0,40,4,
366,"Water Institute (WI), Dar es Salaam",4,Bachelor Degree in sanitation engineering,WD004,"Two principal passes in the following subjects: Physics, Advanced Mathematics, Geography, Chemistry or Biology. If one of the passes is not in Advanced Mathematics, at least a Subsidiary pass in Basic Applied Mathematics at A’ level or Basic Mathematics at O’ level is required.",4.0,40,4,
366,"Water Institute (WI), Dar es Salaam",5,Bachelor Degree in Community Development for water supply and sanitation,WD005,Two Principal pass in any two subjects excluding religious subjects.,4.0,80,4,
367,"Water Institute (WI), Dar es Salaam",6,Bachelor’s degree in water supply engineering,WD006,"Two principal passes in the following subjects: Physics, Advanced Mathematics, Chemistry and or Geography. If one of the passes is not in Advanced Mathematics, at least a Subsidiary pass in Basic Applied Mathematics at A’ level or Basic Mathematics at O’ level is required.",4.0,100,4,
367,"Water Institute (WI), Dar es Salaam",7,Bachelor’s degree in Plumbing and Service Engineering,WD007,"Two principal passes in the following subjects: Physics, Advanced Mathematics, Chemistry and or Geography. If one of the passes is not in Advanced Mathematics, at least a Subsidiary pass in Basic Applied Mathematics at A’ level or Basic Mathematics at O’ level is required.",4.0,50,4,
369,"Zanzibar University (ZU), Zanzibar",1.,Bachelor of Business Administration in Accounting and Finance,ZU001,"Two principal passes in any of the following subjects: Economics, Accountancy, Advanced Mathematics, Commerce, Book Keeping, physics, History, Biology, Chemistry or Geography.",4.0,100,3,
369,"Zanzibar University (ZU), Zanzibar",2.,Bachelor of Procurement and Logistics Management,ZU002,"Two principal passes in the following subjects: Economics, Accountancy, Book Keeping Advanced Mathematics, Commerce, Physics, History, Biology, Chemistry or Geography.",4.0,60,3,
369,"Zanzibar University (ZU), Zanzibar",3.,Bachelor of Business Administration in Marketing,ZU003,"Two principal passes in the following subjects: Economics, Accountancy, Book Keeping, Advanced Mathematics, Commerce, Physics, History, English, Biology, Chemistry or Geography.",4.0,100,3,
369,"Zanzibar University (ZU), Zanzibar",4.,Bachelor of Science inBusiness Information Technology,ZU004,"Two principal passes in the following subjects: History, Geography, Economics, Commerce, Accountancy, Book Keeping, Physics, Chemistry, Biology, Advanced Mathematics, Agriculture, Computer Science or Nutrition.",4.0,60,3,
370,"Zanzibar University (ZU), Zanzibar",5.,Bachelor of Arts inEconomics,ZU005,"Two principal passes in the following subjects: Economics, Accountancy, Mathematics, Commerce, Physics, History, Biology, Chemistry, Economics or Geography.",4.0,75,3,
370,"Zanzibar University (ZU), Zanzibar",6.,Bachelor in Islamic Banking & Finance,ZU006,"Two principal passes in the following subjects: Economics, Accountancy, Book Keeping, Advanced Mathematics, Commerce, Physics, History, Islamic knowledge, Biology, Chemistry, English, computer studies, Arabic, or Geography.",4.0,75,3,
370,"Zanzibar University (ZU), Zanzibar",7.,Bachelor of Arts in Languages,ZU007,"Two principal passes in the following subjects: History, Geography, Kiswahili, English, French, Arabic, Fine Arts, Economics, Commerce, Accountancy or Advanced Mathematics. In addition, an applicant MUST HAVE a principal pass in one of the following subjects: Kiswahili, English, French or Arabic.",4.0,100,3,
371,"Zanzibar University (ZU), Zanzibar",8.,Bachelor of Arts in Public Administration,ZU008,"Two principal passes in the following subjects: History, Geography, Kiswahili, English Language, French, Arabic, Fine Arts, Economics, Commerce, Accountancy, Physics, Chemistry, Biology, Advanced Mathematics, Agriculture, Computer Science or Nutrition.",4.0,50,3,
371,"Zanzibar University (ZU), Zanzibar",9.,Bachelor of Science inComputer Engineering and Information Technology,ZU012,Two principal passes at “D” grade in Advanced Mathematics and Physics. An applicant without a principal pass in Chemistry MUST HAVE a minimum of “C” grade in Chemistry at O-level.,4.0,40,4,
371,"Zanzibar University (ZU), Zanzibar",10.,Bachelor of Science in Telecommunications Engineering,ZU013,Two principal passes at “D” grade in Advanced Mathematics and Physics. An applicant without a principal pass in Chemistry MUST HAVE a minimum of “C” grade in Chemistry at O-level.,4.0,40,4,
372,"Zanzibar University (ZU), Zanzibar",11.,Bachelor of Information Studies,ZU015,"Two principal passes in the following subjects: History, Geography, Kiswahili, English Language, French, Arabic, Fine Arts, Economics, Commerce, Accountancy, Physics, Chemistry, Biology, Advanced Mathematics, Agriculture, Computer Science or Nutrition.",4.0,100,3,
372,"Zanzibar University (ZU), Zanzibar",12.,Bachelor of International Relations and Diplomacy,ZU017,"Two principal passes in the following subjects: History, Geography,Kiswahili, English Language, French, Arabic, Fine Arts, Economics, Commerce, Accountancy, Physics, Chemistry, Biology, Advanced Mathematics, Agriculture, Computer Science or Nutrition.",4.0,100,3,
372,"Zanzibar University (ZU), Zanzibar",13.,Bachelor of Science in Counselling Psychology,ZU018,"Two principal passes in the following subjects: Biology, Physics, Chemistry, Geography, English, Sociology, Mathematics, Agriculture, Computer Science, Psychology or Nutrition.",4.0,50,4,
373,"Zanzibar University (ZU), Zanzibar",14.,Bachelor of Mass Communication,ZU019,"Two principal passes in the following subjects: History, Geography, Kiswahili, English Language, French, Arabic, Fine Arts, Economics, Commerce, Accountancy, Physics, Chemistry, Biology, Advanced Mathematics, Agriculture, Computer Science or Nutrition. If one of the principals is not in English an applicant MUST HAVE subsidiary pass in English at A-level or pass in English at O-Level.",4.0,60,3,
373,"Zanzibar University (ZU), Zanzibar",15.,Bachelor of Laws,ZU020,"Two principal passes in the following subjects: History, Geography,Kiswahili, English Language, French, Arabic, Fine Arts, Economics, Commerce, Accountancy, Physics, Chemistry, Islamic Knowledge , Biology, Mathematics, Agriculture, Computer Science or Nutrition.",4.0,120,4,
373,"Zanzibar University (ZU), Zanzibar",16.,Bachelor of Social work,ZU021,"Two principal passes in the following subjects: History, Geography, Kiswahili, English Language, French, Arabic, Fine Arts, Economics, Commerce, Accountancy, Physics, Chemistry, Biology, Advanced Mathematics, Agriculture, Computer Science or Nutrition.",4.0,80,3,
374,"Zanzibar University (ZU), Zanzibar",17.,Bachelor of Science in Nursing,ZU022,"Three principal passes in Chemistry, Biology and either Physics or Mathematics or Nutrition with a minimum of 6 points, whereby one must have at least C grade in Chemistry and at least D grade in Biology and E grade in Physics or Mathematics or Nutrition.",6.0,30,4,
374,"Zanzibar University (ZU), Zanzibar",18.,Bachelor of Science with Education,ZU023,"Two principal passes in the following subjects: Physics, Chemistry, Biology, Geography, Information Technology or Advanced Mathematics.",4.0,200,3,
374,"Zanzibar University (ZU), Zanzibar",19.,Bachelor of Science in Public Health,ZU024,"Three principal passes in Chemistry, Biology and either Physics or Mathematics, Nutrition, Geography, Agriculture with a minimum of 5 points. A minimum of D grades in Chemistry and Biology and at least E grade in Physics, Advanced Mathematics, Nutrition, Geography, Agriculture or Commerce.",5.0,70,3,
375,"Zanzibar University (ZU), Zanzibar",20.,Bachelor of Community Development,ZU025,"Two principal passes in the following subjects: Biology, Chemistry, Physics, Geography, Agriculture, Nutrition, Advanced Mathematics, Commerce, Economics, History, Accountancy, English Language or Kiswahili.",4.0,100,3,
375,"Zanzibar University (ZU), Zanzibar",21.,Bachelor of Arts with Education,ZU026,"Two principal passes in the following subjects: Kiswahili, Arabic, English, History, or Geography.",4.0,120,3,
375,"Zanzibar University (ZU), Zanzibar",22.,Bachelor of Science in Occupational Health and Environmental Safety,ZU027,"Two principal passes in Geography, Biology, Chemistry, Physics, Advanced Mathematics, or Nutrition.",4.0,30,3,
375,"Zanzibar University (ZU), Zanzibar",23.,Bachelor of Science in Disaster and Emergency Management,ZU028,"Two principal passes in Geography, Economics, Biology, Chemistry, Physics, Advanced Mathematics, Nutrition, Psychology, Sociology, Counselling, or Agriculture.",4.0,30,3,
